,Aerage,,,,,,
-38.4,1780.6,,,,,,
-38.38,1729.76,,,,,,
-38.36,1690.6,,,,,,
-38.34,1761.04,,,,,,
-38.32,1601,,,,,,
-38.3,1739.92,,,,,,
-38.28,1798.68,,,,,,
-38.26,1700.32,,,,,,
-38.24,1677.8,,,,,,
-38.22,1831.76,,,,,,
-38.2,1705.16,,,,,,
-38.18,1782.48,,,,,,
-38.16,1766.16,,,,,,
-38.14,1766.04,,,,,,
-38.12,1800.48,,,,,,
-38.1,1802.56,,,,,,
-38.08,1751.36,,,,,,
-38.06,1940.84,,,,,,
-38.04,1863.72,,,,,,
-38.02,1880.68,,,,,,
-38,1776.72,,,,,,
-37.98,1810.12,,,,,,
-37.96,1757.8,,,,,,
-37.94,1732.76,,,,,,
-37.92,1730,,,,,,
-37.9,1852.92,,,,,,
-37.88,1743.72,,,,,,
-37.86,1826,,,,,,
-37.84,1760.48,,,,,,
-37.82,1843.6,,,,,,
-37.8,1808.04,,,,,,
-37.78,1771.36,,,,,,1.429411765
-37.76,1725.96,,,,,,
-37.74,1800.72,,,,,,
-37.72,1765.24,,,,,,
-37.7,1891.4,,,,,,
-37.68,1826.36,,,,,,
-37.66,1969,,,,,,
-37.64,1866.52,,,,,,
-37.62,1834,,,,,,
-37.6,1780.72,,,,,,
-37.58,1867.36,,,,,,
-37.56,1720.88,,,,,,
-37.54,1828.32,,,,,,
-37.52,1774.76,,,,,,
-37.5,1874,,,,,,
-37.48,1821.16,,,,,,
-37.46,1750.28,,,,,,
-37.44,1615.16,,,,,,
-37.42,1812,,,,,,
-37.4,1791.44,,,,,,
-37.38,1694.8,,,,,,
-37.36,1792.2,,,,,,
-37.34,1768.24,,,,,,
-37.32,1643.68,,,,,,
-37.3,1734.12,,,,,,
-37.28,1666.76,,,,,,
-37.26,1792.36,,,,,,
-37.24,1727.12,,,,,,
-37.22,1717.56,,,,,,
-37.2,1714.88,,,,,,
-37.18,1809,,,,,,
-37.16,1777.76,,,,,,
-37.14,1713.4,,,,,,
-37.12,1678.44,,,,,,
-37.1,1749.48,,,,,,
-37.08,1689.84,,,,,,
-37.06,1762.28,,,,,,
-37.04,1793.48,,,,,,
-37.02,1792.68,,,,,,
-37,1708.04,,,,,,
-36.98,1724.28,,,,,,
-36.96,1794.76,,,,,,
-36.94,1763.16,,,,,,
-36.92,1556.92,,,,,,
-36.9,1686.04,,,,,,
-36.88,1679.52,,,,,,
-36.86,1741.52,,,,,,
-36.84,1660.48,,,,,,
-36.82,1714.28,,,,,,
-36.8,1706.8,,,,,,
-36.78,1870.76,,,,,,
-36.76,1715.48,,,,,,
-36.74,1697.72,,,,,,
-36.72,1585.6,,,,,,
-36.7,1828.96,,,,,,
-36.68,1613.96,,,,,,
-36.66,1770.4,,,,,,
-36.64,1660.12,,,,,,
-36.62,1849.36,,,,,,
-36.6,1762.32,,,,,,
-36.58,1728.4,,,,,,
-36.56,1725.32,,,,,,
-36.54,1772.44,,,,,,
-36.52,1720.76,,,,,,
-36.5,1621.92,,,,,,
-36.48,1732.72,,,,,,
-36.46,1747.92,,,,,,
-36.44,1726.12,,,,,,
-36.42,1695.44,,,,,,
-36.4,1616.76,,,,,,
-36.38,1632.68,,,,,,
-36.36,1623.8,,,,,,
-36.34,1607.2,,,,,,
-36.32,1604.72,,,,,,
-36.3,1753.6,,,,,,
-36.28,1716.04,,,,,,
-36.26,1591.8,,,,,,
-36.24,1748.28,,,,,,
-36.22,1778.96,,,,,,
-36.2,1693.4,,,,,,
-36.18,1669.08,,,,,,
-36.16,1676.04,,,,,,
-36.14,1691.24,,,,,,
-36.12,1625.12,,,,,,
-36.1,1654.88,,,,,,
-36.08,1674.96,,,,,,
-36.06,1721.48,,,,,,
-36.04,1622.44,,,,,,
-36.02,1617.76,,,,,,
-36,1612.44,,,,,,
-35.98,1616.28,,,,,,
-35.96,1607.56,,,,,,
-35.94,1614.08,,,,,,
-35.92,1561.16,,,,,,
-35.9,1688.2,,,,,,
-35.88,1726.4,,,,,,
-35.86,1669.72,,,,,,
-35.84,1643.2,,,,,,
-35.82,1725.72,,,,,,
-35.8,1626.72,,,,,,
-35.78,1644.36,,,,,,
-35.76,1648.8,,,,,,
-35.74,1672.84,,,,,,
-35.72,1669.36,,,,,,
-35.7,1673.08,,,,,,
-35.68,1673.6,,,,,,
-35.66,1667.32,,,,,,
-35.64,1676.4,,,,,,
-35.62,1731.4,,,,,,
-35.6,1654.6,,,,,,
-35.58,1768.76,,,,,,
-35.56,1758.04,,,,,,
-35.54,1744.56,,,,,,
-35.52,1697.84,,,,,,
-35.5,1718.64,,,,,,
-35.48,1663.32,,,,,,
-35.46,1644.16,,,,,,
-35.44,1512.48,,,,,,
-35.42,1753.72,,,,,,
-35.4,1612.68,,,,,,
-35.38,1679.88,,,,,,
-35.36,1639.52,,,,,,
-35.34,1703.4,,,,,,
-35.32,1577.12,,,,,,
-35.3,1650,,,,,,
-35.28,1626.84,,,,,,
-35.26,1703.84,,,,,,
-35.24,1724.08,,,,,,
-35.22,1657.36,,,,,,
-35.2,1629.24,,,,,,
-35.18,1664.56,,,,,,
-35.16,1637,,,,,,
-35.14,1709.56,,,,,,
-35.12,1653.8,,,,,,
-35.1,1721.72,,,,,,
-35.08,1739.04,,,,,,
-35.06,1775.56,,,,,,
-35.04,1732.72,,,,,,
-35.02,1843.72,,,,,,
-35,1678.88,,,,,,
-34.98,1620.68,,,,,,
-34.96,1692.88,,,,,,
-34.94,1678.32,,,,,,
-34.92,1658.92,,,,,,
-34.9,1733.76,,,,,,
-34.88,1718.92,,,,,,
-34.86,1677.24,,,,,,
-34.84,1660.68,,,,,,
-34.82,1723.64,,,,,,
-34.8,1729.12,,,,,,
-34.78,1761.2,,,,,,
-34.76,1787.4,,,,,,
-34.74,1691.6,,,,,,
-34.72,1737,,,,,,
-34.7,1779.48,,,,,,
-34.68,1640.08,,,,,,
-34.66,1692.56,,,,,,
-34.64,1777.32,,,,,,
-34.62,1776.12,,,,,,
-34.6,1666.52,,,,,,
-34.58,1752.2,,,,,,
-34.56,1694.08,,,,,,
-34.54,1815.72,,,,,,
-34.52,1667.56,,,,,,
-34.5,1664.36,,,,,,
-34.48,1695.56,,,,,,
-34.46,1725.88,,,,,,
-34.44,1585.44,,,,,,
-34.42,1618.24,,,,,,
-34.4,1619.36,,,,,,
-34.38,1658.48,,,,,,
-34.36,1597.6,,,,,,
-34.34,1549.16,,,,,,
-34.32,1582.96,,,,,,
-34.3,1697.52,,,,,,
-34.28,1637.12,,,,,,
-34.26,1620.8,,,,,,
-34.24,1717.48,,,,,,
-34.22,1824.56,,,,,,
-34.2,1703.4,,,,,,
-34.18,1711.8,,,,,,
-34.16,1785.24,,,,,,
-34.14,1835.52,,,,,,
-34.12,1722.76,,,,,,
-34.1,1763.4,,,,,,
-34.08,1701.88,,,,,,
-34.06,1813.4,,,,,,
-34.04,1695.8,,,,,,
-34.02,1737.64,,,,,,
-34,1775.6,,,,,,
-33.98,1762.32,,,,,,
-33.96,1720.8,,,,,,
-33.94,1707.48,,,,,,
-33.92,1687.32,,,,,,
-33.9,1727.76,,,,,,
-33.88,1626.8,,,,,,
-33.86,1723.28,,,,,,
-33.84,1713.76,,,,,,
-33.82,1765.4,,,,,,
-33.8,1710.68,,,,,,
-33.78,1726.76,,,,,,
-33.76,1679.64,,,,,,
-33.74,1791.96,,,,,,
-33.72,1753.64,,,,,,
-33.7,1745.36,,,,,,
-33.68,1726.12,,,,,,
-33.66,1837.76,,,,,,
-33.64,1796.16,,,,,,
-33.62,1717.72,,,,,,
-33.6,1660.96,,,,,,
-33.58,1812.68,,,,,,
-33.56,1671.52,,,,,,
-33.54,1692.8,,,,,,
-33.52,1680,,,,,,
-33.5,1725.08,,,,,,
-33.48,1730.12,,,,,,
-33.46,1768.64,,,,,,
-33.44,1765.08,,,,,,
-33.42,1797.2,,,,,,
-33.4,1648.04,,,,,,
-33.38,1666.48,,,,,,
-33.36,1686.4,,,,,,
-33.34,1753.76,,,,,,
-33.32,1708.28,,,,,,
-33.3,1721.44,,,,,,
-33.28,1677.6,,,,,,
-33.26,1747.6,,,,,,
-33.24,1638.24,,,,,,
-33.22,1720.44,,,,,,
-33.2,1769.64,,,,,,
-33.18,1842.2,,,,,,
-33.16,1752.6,,,,,,
-33.14,1663.68,,,,,,
-33.12,1674.08,,,,,,
-33.1,1801.28,,,,,,
-33.08,1758.48,,,,,,
-33.06,1720.76,,,,,,
-33.04,1738.8,,,,,,
-33.02,1862.12,,,,,,
-33,1841.32,,,,,,
-32.98,1697.76,,,,,,
-32.96,1694.08,,,,,,
-32.94,1816.36,,,,,,
-32.92,1745.04,,,,,,
-32.9,1727.64,,,,,,
-32.88,1801.68,,,,,,
-32.86,1798.76,,,,,,
-32.84,1754.16,,,,,,
-32.82,1711.92,,,,,,
-32.8,1700.88,,,,,,
-32.78,1773.28,,,,,,
-32.76,1700.32,,,,,,
-32.74,1747.4,,,,,,
-32.72,1678.32,,,,,,
-32.7,1746.36,,,,,,
-32.68,1748.6,,,,,,
-32.66,1751,,,,,,
-32.64,1829.96,,,,,,
-32.62,1904.84,,,,,,
-32.6,1793.48,,,,,,
-32.58,1780.8,,,,,,
-32.56,1812.16,,,,,,
-32.54,1831.24,,,,,,
-32.52,1791.32,,,,,,
-32.5,1743.12,,,,,,
-32.48,1801.36,,,,,,
-32.46,1822.24,,,,,,
-32.44,1811.12,,,,,,
-32.42,1741.32,,,,,,
-32.4,1621.4,,,,,,
-32.38,1809.68,,,,,,
-32.36,1816.08,,,,,,
-32.34,1700.8,,,,,,
-32.32,1705.2,,,,,,
-32.3,1839.84,,,,,,
-32.28,1743.56,,,,,,
-32.26,1752.68,,,,,,
-32.24,1767.64,,,,,,
-32.22,1811.96,,,,,,
-32.2,1731.52,,,,,,
-32.18,1784.04,,,,,,
-32.16,1827.56,,,,,,
-32.14,1779.76,,,,,,
-32.12,1735.32,,,,,,
-32.1,1762.96,,,,,,
-32.08,1850.12,,,,,,
-32.06,1872.96,,,,,,
-32.04,1790.68,,,,,,
-32.02,1805.16,,,,,,
-32,1766.56,,,,,,
-31.98,1831.6,,,,,,
-31.96,1740.72,,,,,,
-31.94,1773.24,,,,,,
-31.92,1780.56,,,,,,
-31.9,1838.28,,,,,,
-31.88,1746.16,,,,,,
-31.86,1694.56,,,,,,
-31.84,1724.32,,,,,,
-31.82,1833.24,,,,,,
-31.8,1829.12,,,,,,
-31.78,1784,,,,,,
-31.76,1745.2,,,,,,
-31.74,1802.16,,,,,,
-31.72,1759.16,,,,,,
-31.7,1720,,,,,,
-31.68,1763.24,,,,,,
-31.66,1876.96,,,,,,
-31.64,1820.56,,,,,,
-31.62,1764.16,,,,,,
-31.6,1847.96,,,,,,
-31.58,1818.32,,,,,,
-31.56,1812.32,,,,,,
-31.54,1847.56,,,,,,
-31.52,1732.64,,,,,,
-31.5,1753.64,,,,,,
-31.48,1663.2,,,,,,
-31.46,1620.76,,,,,,
-31.44,1746.24,,,,,,
-31.42,1767.84,,,,,,
-31.4,1708.32,,,,,,
-31.38,1781.64,,,,,,
-31.36,1777.96,,,,,,
-31.34,1796.8,,,,,,
-31.32,1760.92,,,,,,
-31.3,1612.72,,,,,,
-31.28,1769.68,,,,,,
-31.26,1741.16,,,,,,
-31.24,1747.28,,,,,,
-31.22,1604.52,,,,,,
-31.2,1611.76,,,,,,
-31.18,1720.6,,,,,,
-31.16,1678.88,,,,,,
-31.14,1844.16,,,,,,
-31.12,1792.36,,,,,,
-31.1,1736.12,,,,,,
-31.08,1767,,,,,,
-31.06,1709.92,,,,,,
-31.04,1802.16,,,,,,
-31.02,1860.6,,,,,,
-31,1720.68,,,,,,
-30.98,1691.84,,,,,,
-30.96,1706.84,,,,,,
-30.94,1710.88,,,,,,
-30.92,1662.72,,,,,,
-30.9,1682.92,,,,,,
-30.88,1768.52,,,,,,
-30.86,1879.92,,,,,,
-30.84,1776.6,,,,,,
-30.82,1737.24,,,,,,
-30.8,1726.92,,,,,,
-30.78,1795.04,,,,,,
-30.76,1816.64,,,,,,
-30.74,1719.28,,,,,,
-30.72,1756.04,,,,,,
-30.7,1735.16,,,,,,
-30.68,1856.72,,,,,,
-30.66,1763.2,,,,,,
-30.64,1750.08,,,,,,
-30.62,1799.32,,,,,,
-30.6,1804.96,,,,,,
-30.58,1746.12,,,,,,
-30.56,1830.32,,,,,,
-30.54,1804.28,,,,,,
-30.52,1776.8,,,,,,
-30.5,1699.96,,,,,,
-30.48,1883.92,,,,,,
-30.46,1877.96,,,,,,
-30.44,1816.32,,,,,,
-30.42,1778.76,,,,,,
-30.4,1825.16,,,,,,
-30.38,1830.2,,,,,,
-30.36,1840.88,,,,,,
-30.34,1760.8,,,,,,
-30.32,1800.4,,,,,,
-30.3,1844.56,,,,,,
-30.28,1774.72,,,,,,
-30.26,1768.32,,,,,,
-30.24,1829.12,,,,,,
-30.22,1795.28,,,,,,
-30.2,1721.2,,,,,,
-30.18,1593.32,,,,,,
-30.16,1761.32,,,,,,
-30.14,1731.04,,,,,,
-30.12,1649.8,,,,,,
-30.1,1687.44,,,,,,
-30.08,1700.48,,,,,,
-30.06,1820.72,,,,,,
-30.04,1724.72,,,,,,
-30.02,1676.52,,,,,,
-30,1762.52,,,,,,
-29.98,1621.44,,,,,,
-29.96,1680.56,,,,,,
-29.94,1629.24,,,,,,
-29.92,1582.44,,,,,,
-29.9,1727.84,,,,,,
-29.88,1514.84,,,,,,
-29.86,1699.32,,,,,,
-29.84,1674.08,,,,,,
-29.82,1653.56,,,,,,
-29.8,1693.44,,,,,,
-29.78,1620.84,,,,,,
-29.76,1758.6,,,,,,
-29.74,1726.64,,,,,,
-29.72,1689.56,,,,,,
-29.7,1658.72,,,,,,
-29.68,1742.52,,,,,,
-29.66,1759,,,,,,
-29.64,1739.88,,,,,,
-29.62,1726.04,,,,,,
-29.6,1742.12,,,,,,
-29.58,1814.08,,,,,,
-29.56,1811.36,,,,,,
-29.54,1783.16,,,,,,
-29.52,1846.88,,,,,,
-29.5,1753.68,,,,,,
-29.48,1837.44,,,,,,
-29.46,1743.36,,,,,,
-29.44,1651.36,,,,,,
-29.42,1672.12,,,,,,
-29.4,1740.96,,,,,,
-29.38,1750.88,,,,,,
-29.36,1696.48,,,,,,
-29.34,1743.16,,,,,,
-29.32,1764.6,,,,,,
-29.3,1678.88,,,,,,
-29.28,1765.36,,,,,,
-29.26,1765.84,,,,,,
-29.24,1721.2,,,,,,
-29.22,1623.32,,,,,,
-29.2,1796.64,,,,,,
-29.18,1757.16,,,,,,
-29.16,1745.96,,,,,,
-29.14,1684,,,,,,
-29.12,1735.68,,,,,,
-29.1,1733.2,,,,,,
-29.08,1812.92,,,,,,
-29.06,1826.88,,,,,,
-29.04,1727.12,,,,,,
-29.02,1807.08,,,,,,
-29,1730.32,,,,,,
-28.98,1767.68,,,,,,
-28.96,1759.84,,,,,,
-28.94,1690.2,,,,,,
-28.92,1712.04,,,,,,
-28.9,1674.4,,,,,,
-28.88,1724.68,,,,,,
-28.86,1737.76,,,,,,
-28.84,1755.84,,,,,,
-28.82,1713,,,,,,
-28.8,1843.16,,,,,,
-28.78,1808.68,,,,,,
-28.76,1773.64,,,,,,
-28.74,1771.88,,,,,,
-28.72,1849.68,,,,,,
-28.7,1805.24,,,,,,
-28.68,1868.44,,,,,,
-28.66,1838.24,,,,,,
-28.64,1849.8,,,,,,
-28.62,1788.44,,,,,,
-28.6,1703.32,,,,,,
-28.58,1686.08,,,,,,
-28.56,1721.76,,,,,,
-28.54,1847.92,,,,,,
-28.52,1716.24,,,,,,
-28.5,1789.08,,,,,,
-28.48,1731.56,,,,,,
-28.46,1776.48,,,,,,
-28.44,1672.04,,,,,,
-28.42,1601.12,,,,,,
-28.4,1799.44,,,,,,
-28.38,1661.84,,,,,,
-28.36,1735.6,,,,,,
-28.34,1711.48,,,,,,
-28.32,1764.68,,,,,,
-28.3,1727.84,,,,,,
-28.28,1707.72,,,,,,
-28.26,1634.84,,,,,,
-28.24,1839,,,,,,
-28.22,1758.04,,,,,,
-28.2,1729.04,,,,,,
-28.18,1752.52,,,,,,
-28.16,1814.8,,,,,,
-28.14,1761.16,,,,,,
-28.12,1698.4,,,,,,
-28.1,1677.36,,,,,,
-28.08,1875.52,,,,,,
-28.06,1917.8,,,,,,
-28.04,1810,,,,,,
-28.02,1774.04,,,,,,
-28,1886.84,,,,,,
-27.98,1806.24,,,,,,
-27.96,1816.6,,,,,,
-27.94,1742.16,,,,,,
-27.92,1781.12,,,,,,
-27.9,1765.44,,,,,,
-27.88,1796,,,,,,
-27.86,1709.84,,,,,,
-27.84,1730.32,,,,,,
-27.82,1874.72,,,,,,
-27.8,1822.64,,,,,,
-27.78,1777.6,,,,,,
-27.76,1769.8,,,,,,
-27.74,1666.6,,,,,,
-27.72,1705.68,,,,,,
-27.7,1658.88,,,,,,
-27.68,1767.44,,,,,,
-27.66,1650.4,,,,,,
-27.64,1749.72,,,,,,
-27.62,1681.36,,,,,,
-27.6,1760.92,,,,,,
-27.58,1705.84,,,,,,
-27.56,1751.28,,,,,,
-27.54,1652.72,,,,,,
-27.52,1684.88,,,,,,
-27.5,1730.64,,,,,,
-27.48,1703.6,,,,,,
-27.46,1722.36,,,,,,
-27.44,1815.28,,,,,,
-27.42,1723.72,,,,,,
-27.4,1719.16,,,,,,
-27.38,1636.76,,,,,,
-27.36,1729.76,,,,,,
-27.34,1806.88,,,,,,
-27.32,1726,,,,,,
-27.3,1709.76,,,,,,
-27.28,1657.04,,,,,,
-27.26,1616.12,,,,,,
-27.24,1691.08,,,,,,
-27.22,1623.68,,,,,,
-27.2,1633.76,,,,,,
-27.18,1727.48,,,,,,
-27.16,1670.16,,,,,,
-27.14,1654.6,,,,,,
-27.12,1767.52,,,,,,
-27.1,1779.12,,,,,,
-27.08,1677.68,,,,,,
-27.06,1649.84,,,,,,
-27.04,1758.52,,,,,,
-27.02,1812.24,,,,,,
-27,1776.8,,,,,,
-26.98,1747.8,,,,,,
-26.96,1806.2,,,,,,
-26.94,1714.12,,,,,,
-26.92,1631.64,,,,,,
-26.9,1580.48,,,,,,
-26.88,1703.44,,,,,,
-26.86,1714.52,,,,,,
-26.84,1649,,,,,,
-26.82,1658.28,,,,,,
-26.8,1782.28,,,,,,
-26.78,1673.88,,,,,,
-26.76,1679.08,,,,,,
-26.74,1594.88,,,,,,
-26.72,1699.36,,,,,,
-26.7,1767.88,,,,,,
-26.68,1709.76,,,,,,
-26.66,1643.08,,,,,,
-26.64,1724.32,,,,,,
-26.62,1672.36,,,,,,
-26.6,1690.12,,,,,,
-26.58,1685.48,,,,,,
-26.56,1786.92,,,,,,
-26.54,1697.72,,,,,,
-26.52,1734.88,,,,,,
-26.5,1772.4,,,,,,
-26.48,1813.76,,,,,,
-26.46,1756.32,,,,,,
-26.44,1839.48,,,,,,
-26.42,1784.76,,,,,,
-26.4,1784.4,,,,,,
-26.38,1693.84,,,,,,
-26.36,1775,,,,,,
-26.34,1776.8,,,,,,
-26.32,1772.4,,,,,,
-26.3,1709.2,,,,,,
-26.28,1713.48,,,,,,
-26.26,1722.12,,,,,,
-26.24,1815.44,,,,,,
-26.22,1811.6,,,,,,
-26.2,1749.8,,,,,,
-26.18,1765.16,,,,,,
-26.16,1756.36,,,,,,
-26.14,1938.32,,,,,,
-26.12,1753.92,,,,,,
-26.1,1745.2,,,,,,
-26.08,1817.16,,,,,,
-26.06,1723.52,,,,,,
-26.04,1756.16,,,,,,
-26.02,1752.56,,,,,,
-26,1794.52,,,,,,
-25.98,1771,,,,,,
-25.96,1699.56,,,,,,
-25.94,1761.32,,,,,,
-25.92,1734.12,,,,,,
-25.9,1771.72,,,,,,
-25.88,1706.2,,,,,,
-25.86,1802.44,,,,,,
-25.84,1904.2,,,,,,
-25.82,1881.2,,,,,,
-25.8,1891.96,,,,,,
-25.78,1798.04,,,,,,
-25.76,1769.32,,,,,,
-25.74,1828.68,,,,,,
-25.72,1807.12,,,,,,
-25.7,1746.32,,,,,,
-25.68,1654.72,,,,,,
-25.66,1833.4,,,,,,
-25.64,1851.2,,,,,,
-25.62,1898.88,,,,,,
-25.6,1879.12,,,,,,
-25.58,1881.76,,,,,,
-25.56,1867.16,,,,,,
-25.54,1834,,,,,,
-25.52,1795.48,,,,,,
-25.5,1849.52,,,,,,
-25.48,1779,,,,,,
-25.46,1759.16,,,,,,
-25.44,1879.36,,,,,,
-25.42,1813.92,,,,,,
-25.4,1862.84,,,,,,
-25.38,1812.52,,,,,,
-25.36,1736.08,,,,,,
-25.34,1804.84,,,,,,
-25.32,1762.48,,,,,,
-25.3,1809.84,,,,,,
-25.28,1779.36,,,,,,
-25.26,1875.2,,,,,,
-25.24,1826.52,,,,,,
-25.22,1757.16,,,,,,
-25.2,1817.96,,,,,,
-25.18,1754.2,,,,,,
-25.16,1781.2,,,,,,
-25.14,1724.64,,,,,,
-25.12,1812.4,,,,,,
-25.1,1755.08,,,,,,
-25.08,1724.16,,,,,,
-25.06,1724.96,,,,,,
-25.04,1848.32,,,,,,
-25.02,1690.84,,,,,,
-25,1714.12,,,,,,
-24.98,1726.64,,,,,,
-24.96,1756.08,,,,,,
-24.94,1695.44,,,,,,
-24.92,1757.52,,,,,,
-24.9,1649.08,,,,,,
-24.88,1744.2,,,,,,
-24.86,1745.08,,,,,,
-24.84,1636.28,,,,,,
-24.82,1597.76,,,,,,
-24.8,1757.64,,,,,,
-24.78,1641.44,,,,,,
-24.76,1761.24,,,,,,
-24.74,1679.72,,,,,,
-24.72,1822.28,,,,,,
-24.7,1674.64,,,,,,
-24.68,1738,,,,,,
-24.66,1767.04,,,,,,
-24.64,1694.48,,,,,,
-24.62,1648.64,,,,,,
-24.6,1694.88,,,,,,
-24.58,1738.68,,,,,,
-24.56,1759.08,,,,,,
-24.54,1732.36,,,,,,
-24.52,1654.28,,,,,,
-24.5,1689.84,,,,,,
-24.48,1770.4,,,,,,
-24.46,1755.32,,,,,,
-24.44,1693.64,,,,,,
-24.42,1708.72,,,,,,
-24.4,1840.32,,,,,,
-24.38,1692.2,,,,,,
-24.36,1627.2,,,,,,
-24.34,1758.76,,,,,,
-24.32,1774.68,,,,,,
-24.3,1772.64,,,,,,
-24.28,1759.04,,,,,,
-24.26,1697.08,,,,,,
-24.24,1772.36,,,,,,
-24.22,1758.64,,,,,,
-24.2,1730.28,,,,,,
-24.18,1820.28,,,,,,
-24.16,1781.56,,,,,,
-24.14,1767.6,,,,,,
-24.12,1675.12,,,,,,
-24.1,1737.64,,,,,,
-24.08,1782.2,,,,,,
-24.06,1759.48,,,,,,
-24.04,1723.88,,,,,,
-24.02,1718.44,,,,,,
-24,1735.12,,,,,,
-23.98,1801.72,,,,,,
-23.96,1731.88,,,,,,
-23.94,1786.84,,,,,,
-23.92,1881.56,,,,,,
-23.9,1879.24,,,,,,
-23.88,1733.08,,,,,,
-23.86,1707.52,,,,,,
-23.84,1798.32,,,,,,
-23.82,1753.56,,,,,,
-23.8,1753.32,,,,,,
-23.78,1622.68,,,,,,
-23.76,1736.84,,,,,,
-23.74,1818.96,,,,,,
-23.72,1789.08,,,,,,
-23.7,1770.44,,,,,,
-23.68,1768.12,,,,,,
-23.66,1801.64,,,,,,
-23.64,1766.16,,,,,,
-23.62,1839.56,,,,,,
-23.6,1868.28,,,,,,
-23.58,1754.76,,,,,,
-23.56,1823,,,,,,
-23.54,1743.08,,,,,,
-23.52,1780.52,,,,,,
-23.5,1755.4,,,,,,
-23.48,1732.04,,,,,,
-23.46,1649.92,,,,,,
-23.44,1759.56,,,,,,
-23.42,1690.28,,,,,,
-23.4,1653.24,,,,,,
-23.38,1604.6,,,,,,
-23.36,1608.52,,,,,,
-23.34,1666.72,,,,,,
-23.32,1713.08,,,,,,
-23.3,1621.04,,,,,,
-23.28,1699.4,,,,,,
-23.26,1725.4,,,,,,
-23.24,1628.6,,,,,,
-23.22,1753.64,,,,,,
-23.2,1683.44,,,,,,
-23.18,1646.28,,,,,,
-23.16,1656.52,,,,,,
-23.14,1646.72,,,,,,
-23.12,1652.28,,,,,,
-23.1,1750.36,,,,,,
-23.08,1639.48,,,,,,
-23.06,1670.24,,,,,,
-23.04,1655.84,,,,,,
-23.02,1641.12,,,,,,
-23,1609.32,,,,,,
-22.98,1697.84,,,,,,
-22.96,1798.32,,,,,,
-22.94,1766.56,,,,,,
-22.92,1731.68,,,,,,
-22.9,1658.96,,,,,,
-22.88,1704.16,,,,,,
-22.86,1676.04,,,,,,
-22.84,1706.12,,,,,,
-22.82,1676.16,,,,,,
-22.8,1715.2,,,,,,
-22.78,1728.92,,,,,,
-22.76,1728.72,,,,,,
-22.74,1747.64,,,,,,
-22.72,1791.68,,,,,,
-22.7,1745.44,,,,,,
-22.68,1824.68,,,,,,
-22.66,1698.08,,,,,,
-22.64,1737.8,,,,,,
-22.62,1708,,,,,,
-22.6,1704.44,,,,,,
-22.58,1790.76,,,,,,
-22.56,1770.12,,,,,,
-22.54,1755.4,,,,,,
-22.52,1753.16,,,,,,
-22.5,1673.16,,,,,,
-22.48,1833.56,,,,,,
-22.46,1840.56,,,,,,
-22.44,1818.48,,,,,,
-22.42,1795.84,,,,,,
-22.4,1876.56,,,,,,
-22.38,1797.96,,,,,,
-22.36,1706.84,,,,,,
-22.34,1683.96,,,,,,
-22.32,1795.44,,,,,,
-22.3,1701.88,,,,,,
-22.28,1689.16,,,,,,
-22.26,1786.92,,,,,,
-22.24,1749.84,,,,,,
-22.22,1747.12,,,,,,
-22.2,1755.36,,,,,,
-22.18,1643.6,,,,,,
-22.16,1723.8,,,,,,
-22.14,1699.96,,,,,,
-22.12,1674.56,,,,,,
-22.1,1606.6,,,,,,
-22.08,1724.8,,,,,,
-22.06,1633.16,,,,,,
-22.04,1629.56,,,,,,
-22.02,1707.72,,,,,,
-22,1853.48,,,,,,
-21.98,1815.44,,,,,,
-21.96,1682.76,,,,,,
-21.94,1649.48,,,,,,
-21.92,1816.84,,,,,,
-21.9,1746.56,,,,,,
-21.88,1756.6,,,,,,
-21.86,1681.64,,,,,,
-21.84,1833.48,,,,,,
-21.82,1673.6,,,,,,
-21.8,1713.92,,,,,,
-21.78,1722.64,,,,,,
-21.76,1707.68,,,,,,
-21.74,1760.44,,,,,,
-21.72,1740.48,,,,,,
-21.7,1753.52,,,,,,
-21.68,1825.48,,,,,,
-21.66,1773.8,,,,,,
-21.64,1761.52,,,,,,
-21.62,1739.72,,,,,,
-21.6,1844.96,,,,,,
-21.58,1618.88,,,,,,
-21.56,1727.08,,,,,,
-21.54,1812.04,,,,,,
-21.52,1833.16,,,,,,
-21.5,1659.6,,,,,,
-21.48,1750.24,,,,,,
-21.46,1639.76,,,,,,
-21.44,1660.04,,,,,,
-21.42,1705.52,,,,,,
-21.4,1699.32,,,,,,
-21.38,1714.72,,,,,,
-21.36,1751.6,,,,,,
-21.34,1772.72,,,,,,
-21.32,1742.56,,,,,,
-21.3,1722.8,,,,,,
-21.28,1772.6,,,,,,
-21.26,1704.64,,,,,,
-21.24,1660.12,,,,,,
-21.22,1745.92,,,,,,
-21.2,1848.52,,,,,,
-21.18,1783.76,,,,,,
-21.16,1746.36,,,,,,
-21.14,1628.84,,,,,,
-21.12,1710.4,,,,,,
-21.1,1880.48,,,,,,
-21.08,1719,,,,,,
-21.06,1727.44,,,,,,
-21.04,1780,,,,,,
-21.02,1757.48,,,,,,
-21,1710.76,,,,,,
-20.98,1756.52,,,,,,
-20.96,1801.08,,,,,,
-20.94,1785.68,,,,,,
-20.92,1793.8,,,,,,
-20.9,1694.36,,,,,,
-20.88,1743.2,,,,,,
-20.86,1668.96,,,,,,
-20.84,1834.84,,,,,,
-20.82,1714.84,,,,,,
-20.8,1858.84,,,,,,
-20.78,1829.72,,,,,,
-20.76,1754.52,,,,,,
-20.74,1737.48,,,,,,
-20.72,1835.44,,,,,,
-20.7,1756.64,,,,,,
-20.68,1776.88,,,,,,
-20.66,1840.92,,,,,,
-20.64,1830.2,,,,,,
-20.62,1967.04,,,,,,
-20.6,1919.32,,,,,,
-20.58,1838.24,,,,,,
-20.56,1869,,,,,,
-20.54,1898.24,,,,,,
-20.52,1842.92,,,,,,
-20.5,1936.48,,,,,,
-20.48,1897.52,,,,,,
-20.46,1858,,,,,,
-20.44,1858.8,,,,,,
-20.42,1908.68,,,,,,
-20.4,1954,,,,,,
-20.38,1836.48,,,,,,
-20.36,1858.16,,,,,,
-20.34,1848.96,,,,,,
-20.32,1963.56,,,,,,
-20.3,1832.84,,,,,,
-20.28,1787.24,,,,,,
-20.26,1834.8,,,,,,
-20.24,1870.16,,,,,,
-20.22,1768.16,,,,,,
-20.2,1824.16,,,,,,
-20.18,1920.96,,,,,,
-20.16,1868.56,,,,,,
-20.14,1870.56,,,,,,
-20.12,1839.28,,,,,,
-20.1,1735.32,,,,,,
-20.08,1848.92,,,,,,
-20.06,1859.68,,,,,,
-20.04,1832.72,,,,,,
-20.02,1825.96,,,,,,
-20,1965.64,,,,,,
-19.98,1794.28,,,,,,
-19.96,1805.88,,,,,,
-19.94,1819,,,,,,
-19.92,1912.04,,,,,,
-19.9,1886.96,,,,,,
-19.88,1905.48,,,,,,
-19.86,1809.36,,,,,,
-19.84,1887.36,,,,,,
-19.82,1797.76,,,,,,
-19.8,1795.64,,,,,,
-19.78,1797.72,,,,,,
-19.76,1936.76,,,,,,
-19.74,1831.8,,,,,,
-19.72,1808.68,,,,,,
-19.7,1825.2,,,,,,
-19.68,1911.56,,,,,,
-19.66,1757.08,,,,,,
-19.64,1826.4,,,,,,
-19.62,1679.8,,,,,,
-19.6,1778.24,,,,,,
-19.58,1702.64,,,,,,
-19.56,1899.8,,,,,,
-19.54,1810.28,,,,,,
-19.52,1741.84,,,,,,
-19.5,1865.24,,,,,,
-19.48,1840.36,,,,,,
-19.46,1843.72,,,,,,
-19.44,1784.08,,,,,,
-19.42,1814.88,,,,,,
-19.4,1780.88,,,,,,
-19.38,1694.88,,,,,,
-19.36,1796.92,,,,,,
-19.34,1798.48,,,,,,
-19.32,1746.64,,,,,,
-19.3,1771.16,,,,,,
-19.28,1806.64,,,,,,
-19.26,1771.76,,,,,,
-19.24,1765.72,,,,,,
-19.22,1860.08,,,,,,
-19.2,1895.28,,,,,,
-19.18,1804.36,,,,,,
-19.16,1822.88,,,,,,
-19.14,1889.76,,,,,,
-19.12,1887.32,,,,,,
-19.1,1923.24,,,,,,
-19.08,1925,,,,,,
-19.06,1805.36,,,,,,
-19.04,1748.52,,,,,,
-19.02,1802.2,,,,,,
-19,1791.24,,,,,,
-18.98,1913.04,,,,,,
-18.96,1885.04,,,,,,
-18.94,1891.28,,,,,,
-18.92,1779.56,,,,,,
-18.9,1767.64,,,,,,
-18.88,1830.84,,,,,,
-18.86,1724.8,,,,,,
-18.84,1832.84,,,,,,
-18.82,1759.72,,,,,,
-18.8,1810.4,,,,,,
-18.78,1835,,,,,,
-18.76,1735.64,,,,,,
-18.74,1832.28,,,,,,
-18.72,1828.2,,,,,,
-18.7,1942.56,,,,,,
-18.68,1807.52,,,,,,
-18.66,1798.92,,,,,,
-18.64,1988.08,,,,,,
-18.62,1900.6,,,,,,
-18.6,1895.68,,,,,,
-18.58,1777.72,,,,,,
-18.56,1826.8,,,,,,
-18.54,1777.94,,,,,,
-18.52,1726.92,,,,,,
-18.5,1765.8,,,,,,
-18.48,1740.24,,,,,,
-18.46,1735.2,,,,,,
-18.44,1779.48,,,,,,
-18.42,1697.48,,,,,,
-18.4,1782.52,,,,,,
-18.38,1766.98,,,,,,
-18.36,1774.12,,,,,,
-18.34,1721.98,,,,,,
-18.32,1798.78,,,,,,
-18.3,1706.46,,,,,,
-18.28,1864.96,,,,,,
-18.26,1792.44,,,,,,
-18.24,1765.98,,,,,,
-18.22,1805.28,,,,,,
-18.2,1812.18,,,,,,
-18.18,1727.86,,,,,,
-18.16,1740.5,,,,,,
-18.14,1731.88,,,,,,
-18.12,1743.72,,,,,,
-18.1,1768.84,,,,,,
-18.08,1855.44,,,,,,
-18.06,1762.1,,,,,,
-18.04,1746.98,,,,,,
-18.02,1713.52,,,,,,
-18,1732.12,,,,,,
-17.98,1715.26,,,,,,
-17.96,1735.66,,,,,,
-17.94,1656.4,,,,,,
-17.92,1778.46,,,,,,
-17.9,1675.96,,,,,,
-17.88,1749.5,,,,,,
-17.86,1716.2,,,,,,
-17.84,1724.68,,,,,,
-17.82,1772.46,,,,,,
-17.8,1832.78,,,,,,
-17.78,1821.58,,,,,,
-17.76,1868.58,,,,,,
-17.74,1804.5,,,,,,
-17.72,1914.36,,,,,,
-17.7,1807,,,,,,
-17.68,1845.6,,,,,,
-17.66,1781.7,,,,,,
-17.64,1843,,,,,,
-17.62,1771.98,,,,,,
-17.6,1845.48,,,,,,
-17.58,1875.4,,,,,,
-17.56,1848.2,,,,,,
-17.54,1852.62,,,,,,
-17.52,1875.2,,,,,,
-17.5,1856.3,,,,,,
-17.48,1804.88,,,,,,
-17.46,1791.98,,,,,,
-17.44,1856.54,,,,,,
-17.42,1813.9,,,,,,
-17.4,1856.48,,,,,,
-17.38,1904.88,,,,,,
-17.36,1814.58,,,,,,
-17.34,1809.92,,,,,,
-17.32,1844.72,,,,,,
-17.3,1771.34,,,,,,
-17.28,1854.82,,,,,,
-17.26,1871.36,,,,,,
-17.24,1774.2,,,,,,
-17.22,1754.346667,,,,,,
-17.2,1763.946667,,,,,,
-17.18,1799.506667,,,,,,
-17.16,1820.32,,,,,,
-17.14,1824.2,,,,,,
-17.12,1824.826667,,,,,,
-17.1,1809.293333,,,,,,
-17.08,1854.146667,,,,,,
-17.06,1775.08,,,,,,
-17.04,1792.706667,,,,,,
-17.02,1787.373333,,,,,,
-17,1786.92,,,,,,
-16.98,1706.04,,,,,,
-16.96,1770.026667,,,,,,
-16.94,1803.826667,,,,,,
-16.92,1780.92,,,,,,
-16.9,1739.493333,,,,,,
-16.88,1789.24,,,,,,
-16.86,1753.893333,,,,,,
-16.84,1802.013333,,,,,,
-16.82,1802.36,,,,,,
-16.8,1818.306667,,,,,,
-16.78,1730.68,,,,,,
-16.76,1780.573333,,,,,,
-16.74,1751.106667,,,,,,
-16.72,1820.826667,,,,,,
-16.7,1799.413333,,,,,,
-16.68,1761.08,,,,,,
-16.66,1771.706667,,,,,,
-16.64,1787.093333,,,,,,
-16.62,1772.693333,,,,,,
-16.6,1794.653333,,,,,,
-16.58,1775.64,,,,,,
-16.56,1833.386667,,,,,,
-16.54,1772.813333,,,,,,
-16.52,1759.493333,,,,,,
-16.5,1788.173333,,,,,,
-16.48,1790.4,,,,,,
-16.46,1752.04,,,,,,
-16.44,1847.52,,,,,,
-16.42,1808.226667,,,,,,
-16.4,1796.96,,,,,,
-16.38,1764.626667,,,,,,
-16.36,1837.933333,,,,,,
-16.34,1768.506667,,,,,,
-16.32,1841.173333,,,,,,
-16.3,1728.56,,,,,,
-16.28,1759.213333,,,,,,
-16.26,1743.38,,,,,,
-16.24,1737.16,,,,,,
-16.22,1741.85,,,,,,
-16.2,1798.42,,,,,,
-16.18,1764.15,,,,,,
-16.16,1791.7,,,,,,
-16.14,1744.01,,,,,,
-16.12,1739.48,,,,,,
-16.1,1732.58,,,,,,
-16.08,1744.47,,,,,,
-16.06,1712.31,,,,,,
-16.04,1721.34,,,,,,
-16.02,1772.25,,,,,,
-16,1768.23,,,,,,
-15.98,1733.42,,,,,,
-15.96,1776.41,,,,,,
-15.94,1792.61,,,,,,
-15.92,1765.25,,,,,,
-15.9,1749.14,,,,,,
-15.88,1757.63,,,,,,
-15.86,1717.22,,,,,,
-15.84,1734.26,,,,,,
-15.82,1758.19,,,,,,
-15.8,1743.67,,,,,,
-15.78,1721.14,,,,,,
-15.76,1723.73,,,,,,
-15.74,1752.97,,,,,,
-15.72,1798.14,,,,,,
-15.7,1779.69,,,,,,
-15.68,1808.37,,,,,,
-15.66,1779.44,,,,,,
-15.64,1794.31,,,,,,
-15.62,1731.78,,,,,,
-15.6,1794.45,,,,,,
-15.58,1754.57,,,,,,
-15.56,1755.9,,,,,,
-15.54,1716.74,,,,,,
-15.52,1788.78,,,,,,
-15.5,1785.66,,,,,,
-15.48,1790.46,,,,,,
-15.46,1833.54,,,,,,
-15.44,1761.4,,,,,,
-15.42,1755.61,,,,,,
-15.4,1818.17,,,,,,
-15.38,1763.26,,,,,,
-15.36,1783.1,,,,,,
-15.34,1721.74,,,,,,
-15.32,1713.62,,,,,,
-15.3,1766.97,,,,,,
-15.28,1774.28,,,,,,
-15.26,1792.7,,,,,,
-15.24,1808.61,,,,,,
-15.22,1767.75,,,,,,
-15.2,1800.88,,,,,,
-15.18,1787.87,,,,,,
-15.16,1763.55,,,,,,
-15.14,1750.77,,,,,,
-15.12,1722.52,,,,,,
-15.1,1749.93,,,,,,
-15.08,1798.97,,,,,,
-15.06,1797.19,,,,,,
-15.04,1738.24,,,,,,
-15.02,1775.6,,,,,,
-15,1778.5,,,,,,
-14.98,1761.17,,,,,,
-14.96,1759.31,,,,,,
-14.94,1747.64,,,,,,
-14.92,1790.21,,,,,,
-14.9,1773.78,,,,,,
-14.88,1769.55,,,,,,
-14.86,1751.68,,,,,,
-14.84,1742.26,,,,,,
-14.82,1727.62,,,,,,
-14.8,1750.55,,,,,,
-14.78,1712.59,,,,,,
-14.76,1707.29,,,,,,
-14.74,1726.45,,,,,,
-14.72,1711.02,,,,,,
-14.7,1705.95,,,,,,
-14.68,1762.54,,,,,,
-14.66,1692.81,,,,,,
-14.64,1746.71,,,,,,
-14.62,1806,,,,,,
-14.6,1741.18,,,,,,
-14.58,1706.13,,,,,,
-14.56,1712.96,,,,,,
-14.54,1816.3,,,,,,
-14.52,1793.86,,,,,,
-14.5,1778.66,,,,,,
-14.48,1758.72,,,,,,
-14.46,1808.42,,,,,,
-14.44,1746.27,,,,,,
-14.42,1710.93,,,,,,
-14.4,1720.82,,,,,,
-14.38,1705.65,,,,,,
-14.36,1700.2,,,,,,
-14.34,1715.21,,,,,,
-14.32,1719.57,,,,,,
-14.3,1718.72,,,,,,
-14.28,1722.96,,,,,,
-14.26,1733.6,,,,,,
-14.24,1728.04,,,,,,
-14.22,1713.64,,,,,,
-14.2,1675.58,,,,,,
-14.18,1731.5,,,,,,
-14.16,1756.12,,,,,,
-14.14,1757.93,,,,,,
-14.12,1749.35,,,,,,
-14.1,1746.76,,,,,,
-14.08,1747.71,,,,,,
-14.06,1749.51,,,,,,
-14.04,1718.53,,,,,,
-14.02,1719.66,,,,,,
-14,1720.85,,,,,,
-13.98,1726.61,,,,,,
-13.96,1685.03,,,,,,
-13.94,1768.45,,,,,,
-13.92,1730.23,,,,,,
-13.9,1718.83,,,,,,
-13.88,1735.76,,,,,,
-13.86,1802.07,,,,,,
-13.84,1766.32,,,,,,
-13.82,1764.81,,,,,,
-13.8,1730.31,,,,,,
-13.78,1751.5,,,,,,
-13.76,1706.52,,,,,,
-13.74,1714.3,,,,,,
-13.72,1717.11,,,,,,
-13.7,1754.88,,,,,,
-13.68,1719.44,,,,,,
-13.66,1715.47,,,,,,
-13.64,1757.91,,,,,,
-13.62,1724.93,,,,,,
-13.6,1730.29,,,,,,
-13.58,1762.38,,,,,,
-13.56,1740.16,,,,,,
-13.54,1752.54,,,,,,
-13.52,1773.59,,,,,,
-13.5,1814.58,,,,,,
-13.48,1742.41,,,,,,
-13.46,1746.98,,,,,,
-13.44,1705.14,,,,,,
-13.42,1778.88,,,,,,
-13.4,1782.96,,,,,,
-13.38,1765.75,,,,,,
-13.36,1764.73,,,,,,
-13.34,1778.29,,,,,,
-13.32,1771.67,,,,,,
-13.3,1766.72,,,,,,
-13.28,1752.29,,,,,,
-13.26,1747.7,,,,,,
-13.24,1734.73,,,,,,
-13.22,1783.35,,,,,,
-13.2,1774.33,,,,,,
-13.18,1794.37,,,,,,
-13.16,1757.55,,,,,,
-13.14,1788.97,,,,,,
-13.12,1759.98,,,,,,
-13.1,1762.75,,,,,,
-13.08,1806.88,,,,,,
-13.06,1840.35,,,,,,
-13.04,1788.19,,,,,,
-13.02,1755.97,,,,,,
-13,1784.67,,,,,,
-12.98,1791.27,,,,,,
-12.96,1782.04,,,,,,
-12.94,1800.49,,,,,,
-12.92,1713.65,,,,,,
-12.9,1808.79,,,,,,
-12.88,1776.69,,,,,,
-12.86,1816.33,,,,,,
-12.84,1761.31,,,,,,
-12.82,1833.6,,,,,,
-12.8,1805.46,,,,,,
-12.78,1797.69,,,,,,
-12.76,1742.68,,,,,,
-12.74,1846,,,,,,
-12.72,1752.62,,,,,,
-12.7,1782.73,,,,,,
-12.68,1760.86,,,,,,
-12.66,1771.18,,,,,,
-12.64,1817.35,,,,,,
-12.62,1835.59,,,,,,
-12.6,1787.13,,,,,,
-12.58,1770.48,,,,,,
-12.56,1735.67,,,,,,
-12.54,1740.27,,,,,,
-12.52,1772.43,,,,,,
-12.5,1792.38,,,,,,
-12.48,1780.63,,,,,,
-12.46,1751.11,,,,,,
-12.44,1754.04,,,,,,
-12.42,1768.74,,,,,,
-12.4,1752.13,,,,,,
-12.38,1761.24,,,,,,
-12.36,1769.54,,,,,,
-12.34,1794.31,,,,,,
-12.32,1728.24,,,,,,
-12.3,1738.56,,,,,,
-12.28,1741.15,,,,,,
-12.26,1765.45,,,,,,
-12.24,1708.95,,,,,,
-12.22,1709.73,,,,,,
-12.2,1738.13,,,,,,
-12.18,1745.93,,,,,,
-12.16,1750.42,,,,,,
-12.14,1754.22,,,,,,
-12.12,1759.4,,,,,,
-12.1,1763.85,,,,,,
-12.08,1771.46,,,,,,
-12.06,1745.81,,,,,,
-12.04,1724.94,,,,,,
-12.02,1713.66,,,,,,
-12,1784.06,,,,,,
-11.98,1749.12,,,,,,
-11.96,1779.97,,,,,,
-11.94,1747.05,,,,,,
-11.92,1761.61,,,,,,
-11.9,1741.06,,,,,,
-11.88,1685.27,,,,,,
-11.86,1742.65,,,,,,
-11.84,1722.95,,,,,,
-11.82,1744.5,,,,,,
-11.8,1729.52,,,,,,
-11.78,1753.36,,,,,,
-11.76,1737.44,,,,,,
-11.74,1758.56,,,,,,
-11.72,1752.37,,,,,,
-11.7,1813.11,,,,,,
-11.68,1783.06,,,,,,
-11.66,1767.67,,,,,,
-11.64,1773.21,,,,,,
-11.62,1789.98,,,,,,
-11.6,1759.01,,,,,,
-11.58,1773.72,,,,,,
-11.56,1794.23,,,,,,
-11.54,1762.91,,,,,,
-11.52,1730.26,,,,,,
-11.5,1792.77,,,,,,
-11.48,1749.26,,,,,,
-11.46,1781.93,,,,,,
-11.44,1804.52,,,,,,
-11.42,1802.26,,,,,,
-11.4,1778.66,,,,,,
-11.38,1780.62,,,,,,
-11.36,1818.77,,,,,,
-11.34,1794.24,,,,,,
-11.32,1735.64,,,,,,
-11.3,1809.26,,,,,,
-11.28,1784.1,,,,,,
-11.26,1801.97,,,,,,
-11.24,1762.92,,,,,,
-11.22,1808.416,,,,,,
-11.2,1746.792,,,,,,
-11.18,1761.752,,,,,,
-11.16,1700.912,,,,,,
-11.14,1792.4,,,,,,
-11.12,1747.184,,,,,,
-11.1,1728.288,,,,,,
-11.08,1775.136,,,,,,
-11.06,1811.16,,,,,,
-11.04,1795.64,,,,,,
-11.02,1756.152,,,,,,
-11,1790.12,,,,,,
-10.98,1748.864,,,,,,
-10.96,1785.944,,,,,,
-10.94,1853.928,,,,,,
-10.92,1819.208,,,,,,
-10.9,1782.016,,,,,,
-10.88,1798.984,,,,,,
-10.86,1814.464,,,,,,
-10.84,1769.32,,,,,,
-10.82,1807.832,,,,,,
-10.8,1807.088,,,,,,
-10.78,1812.312,,,,,,
-10.76,1771.12,,,,,,
-10.74,1824.616,,,,,,
-10.72,1776.68,,,,,,
-10.7,1809.128,,,,,,
-10.68,1789.624,,,,,,
-10.66,1818.576,,,,,,
-10.64,1808.224,,,,,,
-10.62,1802.912,,,,,,
-10.6,1754.528,,,,,,
-10.58,1795.224,,,,,,
-10.56,1777.896,,,,,,
-10.54,1762.344,,,,,,
-10.52,1796.416,,,,,,
-10.5,1785.232,,,,,,
-10.48,1792.024,,,,,,
-10.46,1772.448,,,,,,
-10.44,1785.712,,,,,,
-10.42,1840.096,,,,,,
-10.4,1782.512,,,,,,
-10.38,1808.672,,,,,,
-10.36,1757.752,,,,,,
-10.34,1792.792,,,,,,
-10.32,1797.608,,,,,,
-10.3,1785.872,,,,,,
-10.28,1797.44,,,,,,
-10.26,1884.912,,,,,,
-10.24,1809.496,,,,,,
-10.22,1820.864,,,,,,
-10.2,1820.016,,,,,,
-10.18,1860.936,,,,,,
-10.16,1790.136,,,,,,
-10.14,1833.024,,,,,,
-10.12,1831.104,,,,,,
-10.1,1848.272,,,,,,
-10.08,1771.296,,,,,,
-10.06,1792.912,,,,,,
-10.04,1787.024,,,,,,
-10.02,1817.528,,,,,,
-10,1768.408,,,,,,
-9.98,1798.152,,,,,,
-9.96,1817.432,,,,,,
-9.94,1802.992,,,,,,
-9.92,1790.688,,,,,,
-9.9,1790.6,,,,,,
-9.88,1835.904,,,,,,
-9.86,1805.864,,,,,,
-9.84,1791.072,,,,,,
-9.82,1817.848,,,,,,
-9.8,1768.296,,,,,,
-9.78,1815.112,,,,,,
-9.76,1789.392,,,,,,
-9.74,1818.376,,,,,,
-9.72,1810.608,,,,,,
-9.7,1839.968,,,,,,
-9.68,1792.056,,,,,,
-9.66,1802.856,,,,,,
-9.64,1763.472,,,,,,
-9.62,1784.36,,,,,,
-9.6,1773.016,,,,,,
-9.58,1800.584,,,,,,
-9.56,1834.936,,,,,,
-9.54,1815.632,,,,,,
-9.52,1874.144,,,,,,
-9.5,1822.552,,,,,,
-9.48,1814.664,,,,,,
-9.46,1817.312,,,,,,
-9.44,1784.416,,,,,,
-9.42,1838.944,,,,,,
-9.4,1805.36,,,,,,
-9.38,1835.248,,,,,,
-9.36,1840.72,,,,,,
-9.34,1841.864,,,,,,
-9.32,1811.448,,,,,,
-9.3,1850.72,,,,,,
-9.28,1810.44,,,,,,
-9.26,1774.688,,,,,,
-9.24,1802.592,,,,,,
-9.22,1821.008,,,,,,
-9.2,1807.84,,,,,,
-9.18,1776.368,,,,,,
-9.16,1784.64,,,,,,
-9.14,1826.984,,,,,,
-9.12,1825.208,,,,,,
-9.1,1786.144,,,,,,
-9.08,1810.72,,,,,,
-9.06,1860.208,,,,,,
-9.04,1860.16,,,,,,
-9.02,1890.736,,,,,,
-9,1840.136,,,,,,
-8.98,1850.36,,,,,,
-8.96,1868.152,,,,,,
-8.94,1867.624,,,,,,
-8.92,1835.36,,,,,,
-8.9,1877.872,,,,,,
-8.88,1815.32,,,,,,
-8.86,1810.8,,,,,,
-8.84,1825.872,,,,,,
-8.82,1885.112,,,,,,
-8.8,1818.432,,,,,,
-8.78,1851.928,,,,,,
-8.76,1832.152,,,,,,
-8.74,1820.952,,,,,,
-8.72,1803.68,,,,,,
-8.7,1851.272,,,,,,
-8.68,1841.416,,,,,,
-8.66,1851.408,,,,,,
-8.64,1844.968,,,,,,
-8.62,1866.76,,,,,,
-8.6,1776.92,,,,,,
-8.58,1837.984,,,,,,
-8.56,1859.896,,,,,,
-8.54,1892.984,,,,,,
-8.52,1850.848,,,,,,
-8.5,1888.16,,,,,,
-8.48,1874.424,,,,,,
-8.46,1835.56,,,,,,
-8.44,1852.952,,,,,,
-8.42,1885.424,,,,,,
-8.4,1842.376,,,,,,
-8.38,1842.68,,,,,,
-8.36,1874.984,,,,,,
-8.34,1875.784,,,,,,
-8.32,1823.392,,,,,,
-8.3,1808.432,,,,,,
-8.28,1847.136,,,,,,
-8.26,1887.512,,,,,,
-8.24,1831.48,,,,,,
-8.22,1832.224,,,,,,
-8.2,1839.192,,,,,,
-8.18,1910.344,,,,,,
-8.16,1873.496,,,,,,
-8.14,1830.544,,,,,,
-8.12,1877.984,,,,,,
-8.1,1857.952,,,,,,
-8.08,1847.352,,,,,,
-8.06,1785.36,,,,,,
-8.04,1829.08,,,,,,
-8.02,1803.552,,,,,,
-8,1838.2,,,,,,
-7.98,1819.976,,,,,,
-7.96,1834.376,,,,,,
-7.94,1863.104,,,,,,
-7.92,1846.04,,,,,,
-7.9,1856.46,,,,,,
-7.88,1874.726667,,,,,,
-7.86,1915.7,,,,,,
-7.84,1869.38,,,,,,
-7.82,1895.406667,,,,,,
-7.8,1841.386667,,,,,,
-7.78,1890.546667,,,,,,
-7.76,1870.146667,,,,,,
-7.74,1905.965714,,,,,,
-7.72,1882.434286,,,,,,
-7.7,1922.24,,,,,,
-7.68,1886.84,,,,,,
-7.66,1864.017143,,,,,,
-7.64,1947.731429,,,,,,
-7.62,1922.32,,,,,,
-7.6,1953.874286,,,,,,
-7.58,1907.182857,,,,,,
-7.56,1927.417143,,,,,,
-7.54,1915.628571,,,,,,
-7.52,1884.108571,,,,,,
-7.5,1888.897143,,,,,,
-7.48,1899.828571,,,,,,
-7.46,1955.737143,,,,,,
-7.44,1909.937143,,,,,,
-7.42,1911.474286,,,,,,
-7.4,1918.022857,,,,,,
-7.38,1890.495,,,,,,
-7.36,1866.225,,,,,,
-7.34,1873.546667,,,,,,
-7.32,1894.751111,,,,,,
-7.3,1924.2,,,,,,
-7.28,1877.075556,,,,,,
-7.26,1866.831111,,,,,,
-7.24,1844.151111,,,,,,
-7.22,1887.488889,,,,,,
-7.2,1841.804444,,,,,,
-7.18,1829.577778,,,,,,
-7.16,1828.28,,,,,,
-7.14,1867.075556,,,,,,
-7.12,1858.515556,,,,,,
-7.1,1863.791111,,,,,,
-7.08,1872.408889,,,,,,
-7.06,1866.088889,,,,,,
-7.04,1865.364444,,,,,,
-7.02,1833.155556,,,,,,
-7,1869.782222,,,,,,
-6.98,1909.106667,,,,,,
-6.96,1902.875556,,,,,,
-6.94,1887.991111,,,,,,
-6.92,1911.64,,,,,,
-6.9,1919.68,,,,,,
-6.88,1867.582222,,,,,,
-6.86,1886.457778,,,,,,
-6.84,1888.973333,,,,,,
-6.82,1915.537778,,,,,,
-6.8,1899.053333,,,,,,
-6.78,1902.746667,,,,,,
-6.76,1841.737778,,,,,,
-6.74,1875.177778,,,,,,
-6.72,1833.764444,,,,,,
-6.7,1861.875556,,,,,,
-6.68,1895.657778,,,,,,
-6.66,1913.111111,,,,,,
-6.64,1873.537778,,,,,,
-6.62,1870.964444,,,,,,
-6.6,1897.853333,,,,,,
-6.58,1879.857778,,,,,,
-6.56,1862.022222,,,,,,
-6.54,1886.812,,,,,,
-6.52,1878.348,,,,,,
-6.5,1877.268,,,,,,
-6.48,1870.8,,,,,,
-6.46,1906.368,,,,,,
-6.44,1898.868,,,,,,
-6.42,1897.42,,,,,,
-6.4,1904.452,,,,,,
-6.38,1910.768,,,,,,
-6.36,1917.676,,,,,,
-6.34,1937.024,,,,,,
-6.32,1886.232,,,,,,
-6.3,1898.424,,,,,,
-6.28,1880.892,,,,,,
-6.26,1891.052,,,,,,
-6.24,1894.936,,,,,,
-6.22,1918.404,,,,,,
-6.2,1862.412,,,,,,
-6.18,1916.584,,,,,,
-6.16,1904.596,,,,,,
-6.14,1890.824,,,,,,
-6.12,1864.508,,,,,,
-6.1,1930.08,,,,,,
-6.08,1889.12,,,,,,
-6.06,1910.184,,,,,,
-6.04,1908.376,,,,,,
-6.02,1948.464,,,,,,
-6,1890.472,,,,,,
-5.98,1942.124,,,,,,
-5.96,1939.968,,,,,,
-5.94,1928.104,,,,,,
-5.92,1906.968,,,,,,
-5.9,1935.528,,,,,,
-5.88,1879.832,,,,,,
-5.86,1903.32,,,,,,
-5.84,1890.6,,,,,,
-5.82,1905.448,,,,,,
-5.8,1899.152,,,,,,
-5.78,1896.792,,,,,,
-5.76,1883.68,,,,,,
-5.74,1896.672,,,,,,
-5.72,1888.328,,,,,,
-5.7,1879.912,,,,,,
-5.68,1887.148,,,,,,
-5.66,1851.336,,,,,,
-5.64,1886.372,,,,,,
-5.62,1902.26,,,,,,
-5.6,1897.232,,,,,,
-5.58,1906.404,,,,,,
-5.56,1870.156,,,,,,
-5.54,1901.792,,,,,,
-5.52,1908.916,,,,,,
-5.5,1897.612,,,,,,
-5.48,1896.272,,,,,,
-5.46,1900.524,,,,,,
-5.44,1914.076,,,,,,
-5.42,1919.964,,,,,,
-5.4,1898.568,,,,,,
-5.38,1920.008,,,,,,
-5.36,1873.972,,,,,,
-5.34,1890.688,,,,,,
-5.32,1897.692,,,,,,
-5.3,1922.068,,,,,,
-5.28,1911.208,,,,,,
-5.26,1903.24,,,,,,
-5.24,1904.856,,,,,,
-5.22,1916.12,,,,,,
-5.2,1911.144,,,,,,
-5.18,1940.436,,,,,,
-5.16,1895.104,,,,,,
-5.14,1934.536,,,,,,
-5.12,1891.144,,,,,,
-5.1,1883.888,,,,,,
-5.08,1908.22,,,,,,
-5.06,1908.58,,,,,,
-5.04,1881.584,,,,,,
-5.02,1900.74,,,,,,
-5,1926.696,,,,,,
-4.98,1952.128,,,,,,
-4.96,1913.208,,,,,,
-4.94,1906.488,,,,,,
-4.92,1864.516,,,,,,
-4.9,1892.164,,,,,,
-4.88,1884.792,,,,,,
-4.86,1899.232,,,,,,
-4.84,1913.304,,,,,,
-4.82,1900.028,,,,,,
-4.8,1870.74,,,,,,
-4.78,1895.212,,,,,,
-4.76,1882.204,,,,,,
-4.74,1912.316,,,,,,
-4.72,1855.656,,,,,,
-4.7,1884.544,,,,,,
-4.68,1893.544,,,,,,
-4.66,1898.424,,,,,,
-4.64,1886.156,,,,,,
-4.62,1899.452,,,,,,
-4.6,1895,,,,,,
-4.58,1922.096,,,,,,
-4.56,1923.844,,,,,,
-4.54,1924.08,,,,,,
-4.52,1902.592,,,,,,
-4.5,1894.436,,,,,,
-4.48,1892.808,,,,,,
-4.46,1873.372,,,,,,
-4.44,1839.22,,,,,,
-4.42,1897.4,,,,,,
-4.4,1872.672,,,,,,
-4.38,1844.184,,,,,,
-4.36,1859.324,,,,,,
-4.34,1858.924,,,,,,
-4.32,1868.756,,,,,,
-4.3,1868.208,,,,,,
-4.28,1839.644,,,,,,
-4.26,1938.568,,,,,,
-4.24,1900.476,,,,,,
-4.22,1922.7,,,,,,
-4.2,1931.284,,,,,,
-4.18,1964.58,,,,,,
-4.16,1884.508,,,,,,
-4.14,1902.296,,,,,,
-4.12,1910.336,,,,,,
-4.1,1902.2,,,,,,
-4.08,1904.568,,,,,,
-4.06,1931.756,,,,,,
-4.04,1916.612,,,,,,
-4.02,1904.048,,,,,,
-4,1941.688,,,,,,
-3.98,1888.848,,,,,,
-3.96,1878.548,,,,,,
-3.94,1896.82,,,,,,
-3.92,1912.356,,,,,,
-3.9,1889.088,,,,,,
-3.88,1851.372,,,,,,
-3.86,1872.368,,,,,,
-3.84,1888.56,,,,,,
-3.82,1908.772,,,,,,
-3.8,1911.26,,,,,,
-3.78,1939.008,,,,,,
-3.76,1891.748,,,,,,
-3.74,1917.328,,,,,,
-3.72,1871.64,,,,,,
-3.7,1866.968,,,,,,
-3.68,1887.04,,,,,,
-3.66,1886.564,,,,,,
-3.64,1869.768,,,,,,
-3.62,1932.7,,,,,,
-3.6,1857.64,,,,,,
-3.58,1908.348,,,,,,
-3.56,1857.668,,,,,,
-3.54,1922.592,,,,,,
-3.52,1902.32,,,,,,
-3.5,1875.2,,,,,,
-3.48,1904.424,,,,,,
-3.46,1949.468,,,,,,
-3.44,1888.724,,,,,,
-3.42,1884.368,,,,,,
-3.4,1900.728,,,,,,
-3.38,1941.752,,,,,,
-3.36,1861.968,,,,,,
-3.34,1922.536,,,,,,
-3.32,1892.192,,,,,,
-3.3,1918.832,,,,,,
-3.28,1913.664,,,,,,
-3.26,1881.444,,,,,,
-3.24,1890.128,,,,,,
-3.22,1913.348,,,,,,
-3.2,1878.216,,,,,,
-3.18,1896.396,,,,,,
-3.16,1871.968,,,,,,
-3.14,1930.208,,,,,,
-3.12,1919.588,,,,,,
-3.1,1915.596,,,,,,
-3.08,1927.94,,,,,,
-3.06,1946.428,,,,,,
-3.04,1916.684,,,,,,
-3.02,1926.16,,,,,,
-3,1906.164,,,,,,
-2.98,1959.712,,,,,,
-2.96,1926.596,,,,,,
-2.94,1925.288,,,,,,
-2.92,1928.4,,,,,,
-2.9,1947.232,,,,,,
-2.88,1913.148,,,,,,
-2.86,1939.932,,,,,,
-2.84,1910.84,,,,,,
-2.82,1916.044,,,,,,
-2.8,1895.648,,,,,,
-2.78,1922.672,,,,,,
-2.76,1922.268,,,,,,
-2.74,1915.884,,,,,,
-2.72,1904.224,,,,,,
-2.7,1932.24,,,,,,
-2.68,1933.528,,,,,,
-2.66,1938.296,,,,,,
-2.64,1917.868,,,,,,
-2.62,1953.076,,,,,,
-2.6,2001.864,,,,,,
-2.58,1961.544,,,,,,
-2.56,1904.708,,,,,,
-2.54,1950.252,,,,,,
-2.52,1980.052,,,,,,
-2.5,1950.056,,,,,,
-2.48,1925.276,,,,,,
-2.46,1938.988,,,,,,
-2.44,1934.26,,,,,,
-2.42,1949.664,,,,,,
-2.4,1951.072,,,,,,
-2.38,1968.756,,,,,,
-2.36,1956.424,,,,,,
-2.34,1981.732,,,,,,
-2.32,1915.84,,,,,,
-2.3,1930.852,,,,,,
-2.28,1980.752,,,,,,
-2.26,1979.356,,,,,,
-2.24,1959.212,,,,,,
-2.22,1972.572,,,,,,
-2.2,1928.976,,,,,,
-2.18,1989.7,,,,,,
-2.16,1970.644,,,,,,
-2.14,2025.044,,,,,,
-2.12,1946.172,,,,,,
-2.1,2001.184,,,,,,
-2.08,1935.424,,,,,,
-2.06,1969.624,,,,,,
-2.04,1946.104,,,,,,
-2.02,1961.02,,,,,,
-2,1946.58,,,,,,
-1.98,2016.216,,,,,,
-1.96,1995.076,,,,,,
-1.94,2032.692,,,,,,
-1.92,1966.128,,,,,,
-1.9,1988.228,,,,,,
-1.88,1965.256,,,,,,
-1.86,1977.152,,,,,,
-1.84,1968.244,,,,,,
-1.82,1989.548,,,,,,
-1.8,1951.08,,,,,,
-1.78,2020.78,,,,,,
-1.76,2003.028,,,,,,
-1.74,2037.936,,,,,,
-1.72,1992.168,,,,,,
-1.7,2061.736,,,,,,
-1.68,2010.924,,,,,,
-1.66,2009.316,,,,,,
-1.64,1985.012,,,,,,
-1.62,2013.08,,,,,,
-1.6,2023.848,,,,,,
-1.58,2001.756,,,,,,
-1.56,2010.172,,,,,,
-1.54,2018.18,,,,,,
-1.52,1992.108,,,,,,
-1.5,2015.392,,,,,,
-1.48,1963.48,,,,,,
-1.46,2059.208,,,,,,
-1.44,2030.524,,,,,,
-1.42,1998.524,,,,,,
-1.4,2010.144,,,,,,
-1.38,2054.104,,,,,,
-1.36,2026.024,,,,,,
-1.34,2009.252,,,,,,
-1.32,2032.42,,,,,,
-1.3,2049.168,,,,,,
-1.28,2004.684,,,,,,
-1.26,2036.176,,,,,,
-1.24,2023.624,,,,,,
-1.22,2054.96,,,,,,
-1.2,2040.796,,,,,,
-1.18,2000.544,,,,,,
-1.16,2037.864,,,,,,
-1.14,2093.676,,,,,,
-1.12,2045.424,,,,,,
-1.1,2026.192,,,,,,
-1.08,2039.924,,,,,,
-1.06,2079.812,,,,,,
-1.04,2052.948,,,,,,
-1.02,2058.668,,,,,,
-1,2061.956,,,,,,
-0.98,2091.04,,,,,,
-0.96,2028.74,,,,,,
-0.94,2047.556,,,,,,
-0.92,2047.604,,,,,,
-0.9,2036.224,,,,,,
-0.88,2024.724,,,,,,
-0.86,2035.888,,,,,,
-0.84,2042.02,,,,,,
-0.82,2048.244,,,,,,
-0.8,2039.74,,,,,,
-0.78,2011.268,,,,,,
-0.76,2048.28,,,,,,
-0.74,2059.06,,,,,,
-0.72,2028.124,,,,,,
-0.7,2015.704,,,,,,
-0.68,2029.212,,,,,,
-0.66,2033.348,,,,,,
-0.64,2042.852,,,,,,
-0.62,2061.912,,,,,,
-0.6,2034.268,,,,,,
-0.58,2068.464,,,,,,
-0.56,2058.792,,,,,,
-0.54,2074.952,,,,,,
-0.52,2046.456,,,,,,
-0.5,2073.58,,,,,,
-0.48,2045.976,,,,,,
-0.46,2059.088,,,,,,
-0.44,2069.828,,,,,,
-0.42,2152.904,,,,,,
-0.4,2088.208,,,,,,
-0.38,2094.52,,,,,,
-0.36,2113.448,,,,,,
-0.34,2116.752,,,,,,
-0.32,2086.668,,,,,,
-0.3,2057.56,,,,,,
-0.28,2050.228,,,,,,
-0.26,2122.508,,,,,,
-0.24,2080.532,,,,,,
-0.22,2117.996,,,,,,
-0.2,2097.284,,,,,,
-0.18,2134.008,,,,,,
-0.16,2112.548,,,,,,
-0.14,2130.588,,,,,,
-0.12,2126.428,,,,,,
-0.1,2155.956,,,,,,
-0.08,2176.956,,,,,,
-0.06,2133.256,,,,,,
-0.04,2170.368,,,,,,
-0.02,,,,,,,
0,2319.832,,,,,,
0.02,2180.22,,,,,,
0.04,2132.66,,,,,,
0.06,2142.224,,,,,,
0.08,2163.232,,,,,,
0.1,2130.264,,,,,,
0.12,2109.648,,,,,,
0.14,2095.356,,,,,,
0.16,2165.132,,,,,,
0.18,2084.684,,,,,,
0.2,2047.752,,,,,,
0.22,2093.268,,,,,,
0.24,2115.116,,,,,,
0.26,2078.356,,,,,,
0.28,2065.228,,,,,,
0.3,2090.9,,,,,,
0.32,2121.12,,,,,,
0.34,2065.9,,,,,,
0.36,2032.696,,,,,,
0.38,2063.528,,,,,,
0.4,2127.476,,,,,,
0.42,2050.344,,,,,,
0.44,2094.512,,,,,,
0.46,2075.924,,,,,,
0.48,2141.3,,,,,,
0.5,2084.276,,,,,,
0.52,2110.336,,,,,,
0.54,2130.264,,,,,,
0.56,2136.688,,,,,,
0.58,2079.732,,,,,,
0.6,2059.292,,,,,,
0.62,2063.816,,,,,,
0.64,2121.432,,,,,,
0.66,2061.068,,,,,,
0.68,2049.04,,,,,,
0.7,2057.812,,,,,,
0.72,2066.472,,,,,,
0.74,2061.02,,,,,,
0.76,2060.112,,,,,,
0.78,2018.432,,,,,,
0.8,2076.188,,,,,,
0.82,2052.016,,,,,,
0.84,2007.364,,,,,,
0.86,2022.64,,,,,,
0.88,2072.088,,,,,,
0.9,2028.464,,,,,,
0.92,2024.116,,,,,,
0.94,1970.084,,,,,,
0.96,2050.56,,,,,,
0.98,2007.576,,,,,,
1,1994.836,,,,,,
1.02,2035.516,,,,,,
1.04,2020.24,,,,,,
1.06,1988.412,,,,,,
1.08,1970.34,,,,,,
1.1,2037.02,,,,,,
1.12,2044.184,,,,,,
1.14,1971.26,,,,,,
1.16,1949.348,,,,,,
1.18,2010.852,,,,,,
1.2,2024.324,,,,,,
1.22,1956.32,,,,,,
1.24,1976.448,,,,,,
1.26,1956.864,,,,,,
1.28,1970.988,,,,,,
1.3,1965.632,,,,,,
1.32,1939.668,,,,,,
1.34,2030.572,,,,,,
1.36,2015.872,,,,,,
1.38,2012.528,,,,,,
1.4,2025.632,,,,,,
1.42,2012.04,,,,,,
1.44,2039.004,,,,,,
1.46,1964.42,,,,,,
1.48,1996.672,,,,,,
1.5,2006.376,,,,,,
1.52,2022.892,,,,,,
1.54,2013.692,,,,,,
1.56,1970.388,,,,,,
1.58,1996.852,,,,,,
1.6,2025.592,,,,,,
1.62,1983.908,,,,,,
1.64,1961.372,,,,,,
1.66,1997.552,,,,,,
1.68,2018.72,,,,,,
1.7,1971.976,,,,,,
1.72,1947.756,,,,,,
1.74,2008.064,,,,,,
1.76,2009.756,,,,,,
1.78,1957.532,,,,,,
1.8,1967.912,,,,,,
1.82,1947.72,,,,,,
1.84,1973.124,,,,,,
1.86,1951.768,,,,,,
1.88,1947.164,,,,,,
1.9,1982.292,,,,,,
1.92,2009.384,,,,,,
1.94,1954.372,,,,,,
1.96,1989.036,,,,,,
1.98,1976.688,,,,,,
2,2012.868,,,,,,
2.02,1960.348,,,,,,
2.04,1961.384,,,,,,
2.06,1967.136,,,,,,
2.08,1963.324,,,,,,
2.1,1936.408,,,,,,
2.12,1966.144,,,,,,
2.14,1943.096,,,,,,
2.16,1972.56,,,,,,
2.18,1965.82,,,,,,
2.2,1896.328,,,,,,
2.22,1934.34,,,,,,
2.24,1951.2,,,,,,
2.26,1931.152,,,,,,
2.28,1948.636,,,,,,
2.3,1951.336,,,,,,
2.32,1962.824,,,,,,
2.34,1945.2,,,,,,
2.36,1917.564,,,,,,
2.38,1906.292,,,,,,
2.4,1932.964,,,,,,
2.42,1917.028,,,,,,
2.44,1959.656,,,,,,
2.46,1925.336,,,,,,
2.48,1966.068,,,,,,
2.5,1948.704,,,,,,
2.52,1938.312,,,,,,
2.54,1967.748,,,,,,
2.56,1976.78,,,,,,
2.58,1968.44,,,,,,
2.6,1974.72,,,,,,
2.62,1940.044,,,,,,
2.64,1988.74,,,,,,
2.66,1984.356,,,,,,
2.68,1932.652,,,,,,
2.7,1939.368,,,,,,
2.72,1934.972,,,,,,
2.74,1922.188,,,,,,
2.76,1936.76,,,,,,
2.78,1934.524,,,,,,
2.8,1937.928,,,,,,
2.82,1916.656,,,,,,
2.84,1923.948,,,,,,
2.86,1929.224,,,,,,
2.88,1923.084,,,,,,
2.9,1898.42,,,,,,
2.92,1919.44,,,,,,
2.94,1923.852,,,,,,
2.96,1937.756,,,,,,
2.98,1916.424,,,,,,
3,1903.972,,,,,,
3.02,1931.888,,,,,,
3.04,1901.096,,,,,,
3.06,1894.136,,,,,,
3.08,1888.076,,,,,,
3.1,1897.712,,,,,,
3.12,1912.684,,,,,,
3.14,1904.456,,,,,,
3.16,1893.4,,,,,,
3.18,1905.104,,,,,,
3.2,1930.652,,,,,,
3.22,1878.684,,,,,,
3.24,1914.604,,,,,,
3.26,1891.92,,,,,,
3.28,1918.156,,,,,,
3.3,1910.3,,,,,,
3.32,1920.392,,,,,,
3.34,1921.42,,,,,,
3.36,1901.572,,,,,,
3.38,1890.828,,,,,,
3.4,1868.512,,,,,,
3.42,1875.856,,,,,,
3.44,1895.324,,,,,,
3.46,1876.94,,,,,,
3.48,1891.152,,,,,,
3.5,1918.556,,,,,,
3.52,1921.1,,,,,,
3.54,1884.172,,,,,,
3.56,1920.424,,,,,,
3.58,1923.816,,,,,,
3.6,1920.988,,,,,,
3.62,1900.312,,,,,,
3.64,1883.552,,,,,,
3.66,1915.812,,,,,,
3.68,1921.312,,,,,,
3.7,1906.224,,,,,,
3.72,1936.744,,,,,,
3.74,1917.496,,,,,,
3.76,1917.396,,,,,,
3.78,1902.404,,,,,,
3.8,1893.952,,,,,,
3.82,1910.236,,,,,,
3.84,1930.176,,,,,,
3.86,1905.396,,,,,,
3.88,1894.296,,,,,,
3.9,1882.124,,,,,,
3.92,1922.324,,,,,,
3.94,1890.752,,,,,,
3.96,1907.744,,,,,,
3.98,1915.24,,,,,,
4,1888.024,,,,,,
4.02,1905.176,,,,,,
4.04,1887.632,,,,,,
4.06,1894.3,,,,,,
4.08,1911.268,,,,,,
4.1,1872.184,,,,,,
4.12,1913.52,,,,,,
4.14,1891.44,,,,,,
4.16,1940.192,,,,,,
4.18,1870.288,,,,,,
4.2,1896.724,,,,,,
4.22,1894.624,,,,,,
4.24,1871.992,,,,,,
4.26,1894.984,,,,,,
4.28,1854.88,,,,,,
4.3,1901.612,,,,,,
4.32,1907.12,,,,,,
4.34,1870.088,,,,,,
4.36,1904.352,,,,,,
4.38,1910.428,,,,,,
4.4,1896.216,,,,,,
4.42,1892.416,,,,,,
4.44,1901.444,,,,,,
4.46,1916.148,,,,,,
4.48,1891.08,,,,,,
4.5,1893.4,,,,,,
4.52,1887.676,,,,,,
4.54,1891.024,,,,,,
4.56,1918.152,,,,,,
4.58,1878.004,,,,,,
4.6,1897.124,,,,,,
4.62,1920.252,,,,,,
4.64,1896.684,,,,,,
4.66,1910.888,,,,,,
4.68,1917.336,,,,,,
4.7,1880.564,,,,,,
4.72,1908.876,,,,,,
4.74,1885.736,,,,,,
4.76,1902.072,,,,,,
4.78,1870.304,,,,,,
4.8,1889.044,,,,,,
4.82,1835.348,,,,,,
4.84,1886.884,,,,,,
4.86,1907.836,,,,,,
4.88,1855.284,,,,,,
4.9,1840.544,,,,,,
4.92,1868.032,,,,,,
4.94,1869.708,,,,,,
4.96,1906.952,,,,,,
4.98,1899.564,,,,,,
5,1887.724,,,,,,
5.02,1859.012,,,,,,
5.04,1904.836,,,,,,
5.06,1867.66,,,,,,
5.08,1886.296,,,,,,
5.1,1879.892,,,,,,
5.12,1886.788,,,,,,
5.14,1851.364,,,,,,
5.16,1856.02,,,,,,
5.18,1893.916,,,,,,
5.2,1924.136,,,,,,
5.22,1876.62,,,,,,
5.24,1894.012,,,,,,
5.26,1856.932,,,,,,
5.28,1878.22,,,,,,
5.3,1856.928,,,,,,
5.32,1910.34,,,,,,
5.34,1877.676,,,,,,
5.36,1926.164,,,,,,
5.38,1861.64,,,,,,
5.4,1891.448,,,,,,
5.42,1919.16,,,,,,
5.44,1919.78,,,,,,
5.46,1895.8,,,,,,
5.48,1909.164,,,,,,
5.5,1897.576,,,,,,
5.52,1905.216,,,,,,
5.54,1870.528,,,,,,
5.56,1878.272,,,,,,
5.58,1892.46,,,,,,
5.6,1884.376,,,,,,
5.62,1868.68,,,,,,
5.64,1858.172,,,,,,
5.66,1896.984,,,,,,
5.68,1917.456,,,,,,
5.7,1857.24,,,,,,
5.72,1916.252,,,,,,
5.74,1866.532,,,,,,
5.76,1886.756,,,,,,
5.78,1883.792,,,,,,
5.8,1852.312,,,,,,
5.82,1850.48,,,,,,
5.84,1849.276,,,,,,
5.86,1874.504,,,,,,
5.88,1879.508,,,,,,
5.9,1870.608,,,,,,
5.92,1852.344,,,,,,
5.94,1858.1,,,,,,
5.96,1878.18,,,,,,
5.98,1901.184,,,,,,
6,1878,,,,,,
6.02,1844.18,,,,,,
6.04,1881.848,,,,,,
6.06,1904.608,,,,,,
6.08,1906.636,,,,,,
6.1,1863.16,,,,,,
6.12,1891.096,,,,,,
6.14,1893.452,,,,,,
6.16,1904.724,,,,,,
6.18,1882.016,,,,,,
6.2,1906.528,,,,,,
6.22,1880.488,,,,,,
6.24,1877.716,,,,,,
6.26,1849.216,,,,,,
6.28,1864.712,,,,,,
6.3,1864.28,,,,,,
6.32,1837.996,,,,,,
6.34,1862.16,,,,,,
6.36,1862.264,,,,,,
6.38,1877.664,,,,,,
6.4,1899.332,,,,,,
6.42,1850.036,,,,,,
6.44,1847.692,,,,,,
6.46,1864.248,,,,,,
6.48,1850.62,,,,,,
6.5,1852.74,,,,,,
6.52,1886.18,,,,,,
6.54,1877.472,,,,,,
6.56,1859.208,,,,,,
6.58,1866.736,,,,,,
6.6,1880.62,,,,,,
6.62,1847.396,,,,,,
6.64,1871.424,,,,,,
6.66,1848.344,,,,,,
6.68,1875.788,,,,,,
6.7,1852.372,,,,,,
6.72,1866.636,,,,,,
6.74,1835.44,,,,,,
6.76,1875.296,,,,,,
6.78,1865.236,,,,,,
6.8,1863.916,,,,,,
6.82,1866.017778,,,,,,
6.84,1837.711111,,,,,,
6.86,1817.288889,,,,,,
6.88,1855.782222,,,,,,
6.9,1868.573333,,,,,,
6.92,1875.115556,,,,,,
6.94,1828.262222,,,,,,
6.96,1874.511111,,,,,,
6.98,1861.706667,,,,,,
7,1829.755556,,,,,,
7.02,1848.591111,,,,,,
7.04,1840.084444,,,,,,
7.06,1816.04,,,,,,
7.08,1771.915556,,,,,,
7.1,1830.808889,,,,,,
7.12,1831.057778,,,,,,
7.14,1815.044444,,,,,,
7.16,1814.955556,,,,,,
7.18,1802.982222,,,,,,
7.2,1803.088889,,,,,,
7.22,1810.488889,,,,,,
7.24,1820.115556,,,,,,
7.26,1802.275556,,,,,,
7.28,1808.786667,,,,,,
7.3,1812.022222,,,,,,
7.32,1788.155556,,,,,,
7.34,1839.435556,,,,,,
7.36,1811.724444,,,,,,
7.38,1826.506667,,,,,,
7.4,1806.586667,,,,,,
7.42,1828.36,,,,,,
7.44,1772.884444,,,,,,
7.46,1836.924444,,,,,,
7.48,1803.262222,,,,,,
7.5,1820.311111,,,,,,
7.52,1839.084444,,,,,,
7.54,1823.391111,,,,,,
7.56,1818.564444,,,,,,
7.58,1850.377778,,,,,,
7.6,1808.928889,,,,,,
7.62,1829.195556,,,,,,
7.64,1842.08,,,,,,
7.66,1826.937778,,,,,,
7.68,1801.613333,,,,,,
7.7,1803.102222,,,,,,
7.72,1787.635556,,,,,,
7.74,1837.764444,,,,,,
7.76,1824.502222,,,,,,
7.78,1777.488889,,,,,,
7.8,1810.973333,,,,,,
7.82,1828.653333,,,,,,
7.84,1776.146667,,,,,,
7.86,1807.617778,,,,,,
7.88,1794.866667,,,,,,
7.9,1782.515556,,,,,,
7.92,1762.448889,,,,,,
7.94,1792.511111,,,,,,
7.96,1787.284444,,,,,,
7.98,1788.524444,,,,,,
8,1780.466667,,,,,,
8.02,1823.884444,,,,,,
8.04,1816.88,,,,,,
8.06,1827.648889,,,,,,
8.08,1819.986667,,,,,,
8.1,1807.008889,,,,,,
8.12,1781.871111,,,,,,
8.14,1797.262222,,,,,,
8.16,1791.133333,,,,,,
8.18,1803.924444,,,,,,
8.2,1786.004444,,,,,,
8.22,1793.066667,,,,,,
8.24,1835.648889,,,,,,
8.26,1817.497778,,,,,,
8.28,1768.755556,,,,,,
8.3,1790.01,,,,,,
8.32,1733.625,,,,,,
8.34,1738.605,,,,,,
8.36,1749.08,,,,,,
8.38,1770.97,,,,,,
8.4,1780.99,,,,,,
8.42,1750.135,,,,,,
8.44,1752.39,,,,,,
8.46,1810.375,,,,,,
8.48,1781.245,,,,,,
8.5,1816.695,,,,,,
8.52,1772.045,,,,,,
8.54,1795.61,,,,,,
8.56,1766.035,,,,,,
8.58,1798.32,,,,,,
8.6,1771.985,,,,,,
8.62,1782.76,,,,,,
8.64,1808.515,,,,,,
8.66,1793.72,,,,,,
8.68,1801.251429,,,,,,
8.7,1852.034286,,,,,,
8.72,1815.531429,,,,,,
8.74,1836.428571,,,,,,
8.76,1802.834286,,,,,,
8.78,1874.148571,,,,,,
8.8,1807.988571,,,,,,
8.82,1818.217143,,,,,,
8.84,1787.634286,,,,,,
8.86,1793.754286,,,,,,
8.88,1808.131429,,,,,,
8.9,1849.097143,,,,,,
8.92,1779.6,,,,,,
8.94,1838.131429,,,,,,
8.96,1851.668571,,,,,,
8.98,1802.017143,,,,,,
9,1796.331429,,,,,,
9.02,1827.965714,,,,,,
9.04,1840.205714,,,,,,
9.06,1847.24,,,,,,
9.08,1814.982857,,,,,,
9.1,1840.468571,,,,,,
9.12,1824.137143,,,,,,
9.14,1847.554286,,,,,,
9.16,1794.851429,,,,,,
9.18,1833.617143,,,,,,
9.2,1829.834286,,,,,,
9.22,1798.502857,,,,,,
9.24,1773.822857,,,,,,
9.26,1839.965714,,,,,,
9.28,1822.725714,,,,,,
9.3,1810.594286,,,,,,
9.32,1804.622857,,,,,,
9.34,1843.011429,,,,,,
9.36,1874.645714,,,,,,
9.38,1785.977143,,,,,,
9.4,1785.897143,,,,,,
9.42,1831.422857,,,,,,
9.44,1823.857143,,,,,,
9.46,1813.154286,,,,,,
9.48,1853.028571,,,,,,
9.5,1804.685714,,,,,,
9.52,1838.28,,,,,,
9.54,1806.285714,,,,,,
9.56,1809.588571,,,,,,
9.58,1835.697143,,,,,,
9.6,1827.56,,,,,,
9.62,1780.582857,,,,,,
9.64,1795.457143,,,,,,
9.66,1859.342857,,,,,,
9.68,1855.617143,,,,,,
9.7,1840.342857,,,,,,
9.72,1797.822857,,,,,,
9.74,1795.297143,,,,,,
9.76,1824.097143,,,,,,
9.78,1807.148571,,,,,,
9.8,1792.394286,,,,,,
9.82,1844.034286,,,,,,
9.84,1840.188571,,,,,,
9.86,1794.097143,,,,,,
9.88,1840.28,,,,,,
9.9,1906.228571,,,,,,
9.92,1866.702857,,,,,,
9.94,1845.851429,,,,,,
9.96,1882.285714,,,,,,
9.98,1872.028571,,,,,,
10,1876.371429,,,,,,
10.02,1843.474286,,,,,,
10.04,1820.188571,,,,,,
10.06,1844.702857,,,,,,
10.08,1844.411429,,,,,,
10.1,1797.148571,,,,,,
10.12,1789.553333,,,,,,
10.14,1763.246667,,,,,,
10.16,1777.52,,,,,,
10.18,1744.606667,,,,,,
10.2,1742.92,,,,,,
10.22,1796.613333,,,,,,
10.24,1784.66,,,,,,
10.26,1729.713333,,,,,,
10.28,1744.586667,,,,,,
10.3,1750.08,,,,,,
10.32,1764.413333,,,,,,
10.34,1767.793333,,,,,,
10.36,1757.313333,,,,,,
10.38,1797.486667,,,,,,
10.4,1815.286667,,,,,,
10.42,1789.253333,,,,,,
10.44,1763.28,,,,,,
10.46,1775.6,,,,,,
10.48,1803.373333,,,,,,
10.5,1763.033333,,,,,,
10.52,1805.3,,,,,,
10.54,1805.44,,,,,,
10.56,1782.64,,,,,,
10.58,1784.62,,,,,,
10.6,1727.926667,,,,,,
10.62,1780.293333,,,,,,
10.64,1820.253333,,,,,,
10.66,1794.773333,,,,,,
10.68,1773.253333,,,,,,
10.7,1798.52,,,,,,
10.72,1743.632,,,,,,
10.74,1747.144,,,,,,
10.76,1735.312,,,,,,
10.78,1747.848,,,,,,
10.8,1703.92,,,,,,
10.82,1692.672,,,,,,
10.84,1689.136,,,,,,
10.86,1743.192,,,,,,
10.88,1748.384,,,,,,
10.9,1716.232,,,,,,
10.92,1686.056,,,,,,
10.94,1774.136,,,,,,
10.96,1754.44,,,,,,
10.98,1740.016,,,,,,
11,1725.336,,,,,,
11.02,1750.392,,,,,,
11.04,1745.248,,,,,,
11.06,1722.752,,,,,,
11.08,1692.432,,,,,,
11.1,1742.24,,,,,,
11.12,1706.96,,,,,,
11.14,1740.888,,,,,,
11.16,1732.944,,,,,,
11.18,1748.456,,,,,,
11.2,1725.608,,,,,,
11.22,1741.152,,,,,,
11.24,1731.168,,,,,,
11.26,1712.576,,,,,,
11.28,1726.2,,,,,,
11.3,1762.4,,,,,,
11.32,1722.64,,,,,,
11.34,1786.512,,,,,,
11.36,1737.536,,,,,,
11.38,1741.44,,,,,,
11.4,1750.648,,,,,,
11.42,1765.072,,,,,,
11.44,1727.968,,,,,,
11.46,1771.92,,,,,,
11.48,1733.536,,,,,,
11.5,1806.79,,,,,,
11.52,1768.03,,,,,,
11.54,1753.39,,,,,,
11.56,1749.12,,,,,,
11.58,1784.75,,,,,,
11.6,1776.43,,,,,,
11.62,1765.83,,,,,,
11.64,1721.5,,,,,,
11.66,1831.03,,,,,,
11.68,1788.01,,,,,,
11.7,1760.83,,,,,,
11.72,1705.18,,,,,,
11.74,1749.88,,,,,,
11.76,1755.29,,,,,,
11.78,1786.133333,,,,,,
11.8,1749.346667,,,,,,
11.82,1797.546667,,,,,,
11.84,1815.026667,,,,,,
11.86,1766.36,,,,,,
11.88,1771.933333,,,,,,
11.9,1826.56,,,,,,
11.92,1764,,,,,,
11.94,1789.133333,,,,,,
11.96,1781.173333,,,,,,
11.98,1793.2,,,,,,
12,1796.64,,,,,,
12.02,1777.013333,,,,,,
12.04,1787.92,,,,,,
12.06,1796.786667,,,,,,
12.08,1785.08,,,,,,
12.1,1745.973333,,,,,,
12.12,1778.4,,,,,,
12.14,1798.906667,,,,,,
12.16,1836.066667,,,,,,
12.18,1803.84,,,,,,
12.2,1744.84,,,,,,
12.22,1783.666667,,,,,,
12.24,1738.72,,,,,,
12.26,1742,,,,,,
12.28,1735.68,,,,,,
12.3,1766.066667,,,,,,
12.32,1702.733333,,,,,,
12.34,1764.893333,,,,,,
12.36,1688.773333,,,,,,
12.38,1753.4,,,,,,
12.4,1731.586667,,,,,,
12.42,1732.12,,,,,,
12.44,1718.426667,,,,,,
12.46,1728.106667,,,,,,
12.48,1813.386667,,,,,,
12.5,1766.8,,,,,,
12.52,1753.8,,,,,,
12.54,1806.666667,,,,,,
12.56,1776.933333,,,,,,
12.58,1780.08,,,,,,
12.6,1731.813333,,,,,,
12.62,1827.08,,,,,,
12.64,1822.466667,,,,,,
12.66,1777.72,,,,,,
12.68,1843.226667,,,,,,
12.7,1796.64,,,,,,
12.72,1806.973333,,,,,,
12.74,1787.613333,,,,,,
12.76,1777.133333,,,,,,
12.78,1752.32,,,,,,
12.8,1807.2,,,,,,
12.82,1728.12,,,,,,
12.84,1712.773333,,,,,,
12.86,1785.96,,,,,,
12.88,1793.546667,,,,,,
12.9,1836.36,,,,,,
12.92,1746.613333,,,,,,
12.94,1800.093333,,,,,,
12.96,1796.493333,,,,,,
12.98,1727.44,,,,,,
13,1752.266667,,,,,,
13.02,1834.986667,,,,,,
13.04,1844.226667,,,,,,
13.06,1699.573333,,,,,,
13.08,1744.64,,,,,,
13.1,1753.146667,,,,,,
13.12,1772.546667,,,,,,
13.14,1758.026667,,,,,,
13.16,1733.986667,,,,,,
13.18,1837.693333,,,,,,
13.2,1798.253333,,,,,,
13.22,1764.493333,,,,,,
13.24,1725.706667,,,,,,
13.26,1779.28,,,,,,
13.28,1781.253333,,,,,,
13.3,1718.933333,,,,,,
13.32,1748.293333,,,,,,
13.34,1807.44,,,,,,
13.36,1793.106667,,,,,,
13.38,1775.84,,,,,,
13.4,1808.853333,,,,,,
13.42,1771.613333,,,,,,
13.44,1783.6,,,,,,
13.46,1879.06,,,,,,
13.48,1826.62,,,,,,
13.5,1840.32,,,,,,
13.52,1926.18,,,,,,
13.54,1878.36,,,,,,
13.56,1821.84,,,,,,
13.58,1807.9,,,,,,
13.6,1921.56,,,,,,
13.62,1839.62,,,,,,
13.64,1824.44,,,,,,
13.66,1852,,,,,,
13.68,1910.14,,,,,,
13.7,1860.4,,,,,,
13.72,1896.48,,,,,,
13.74,1882.12,,,,,,
13.76,1864.22,,,,,,
13.78,1821.46,,,,,,
13.8,1827.08,,,,,,
13.82,1883.96,,,,,,
13.84,1848.18,,,,,,
13.86,1828.76,,,,,,
13.88,1813.7,,,,,,
13.9,1858.38,,,,,,
13.92,1902.5,,,,,,
13.94,1845.66,,,,,,
13.96,1856.9,,,,,,
13.98,1939.82,,,,,,
14,1905.36,,,,,,
14.02,1845.3,,,,,,
14.04,1810.34,,,,,,
14.06,1809.64,,,,,,
14.08,1889.66,,,,,,
14.1,1853.8,,,,,,
14.12,1779.76,,,,,,
14.14,1892.2,,,,,,
14.16,1886.64,,,,,,
14.18,1880.8,,,,,,
14.2,1795.02,,,,,,
14.22,1864.22,,,,,,
14.24,1889.42,,,,,,
14.26,1828.92,,,,,,
14.28,1794.26,,,,,,
14.3,1847.66,,,,,,
14.32,1885.32,,,,,,
14.34,1791.92,,,,,,
14.36,1736.48,,,,,,
14.38,1826.3,,,,,,
14.4,1815.8,,,,,,
14.42,1772.18,,,,,,
14.44,1812.9,,,,,,
14.46,1845.34,,,,,,
14.48,1808,,,,,,
14.5,1877.72,,,,,,
14.52,1844.72,,,,,,
14.54,1955.56,,,,,,
14.56,1934.26,,,,,,
14.58,1890.46,,,,,,
14.6,1868.68,,,,,,
14.62,1922.06,,,,,,
14.64,1903.08,,,,,,
14.66,1858.74,,,,,,
14.68,1819.58,,,,,,
14.7,1909.94,,,,,,
14.72,1937.36,,,,,,
14.74,1867.52,,,,,,
14.76,1808.58,,,,,,
14.78,1816.26,,,,,,
14.8,1861.06,,,,,,
14.82,1804.76,,,,,,
14.84,1740.96,,,,,,
14.86,1850.18,,,,,,
14.88,1896.68,,,,,,
14.9,1844,,,,,,
14.92,1841.12,,,,,,
14.94,1871.86,,,,,,
14.96,1892.28,,,,,,
14.98,1845.06,,,,,,
15,1855.38,,,,,,
15.02,1906.16,,,,,,
15.04,1860.02,,,,,,
15.06,1800.92,,,,,,
15.08,1804.52,,,,,,
15.1,1890.38,,,,,,
15.12,1887.62,,,,,,
15.14,1847.54,,,,,,
15.16,1793.92,,,,,,
15.18,1872.2,,,,,,
15.2,1853.78,,,,,,
15.22,1829.2,,,,,,
15.24,1828.16,,,,,,
15.26,1828.56,,,,,,
15.28,1883.98,,,,,,
15.3,1826.6,,,,,,
15.32,1760.66,,,,,,
15.34,1822.84,,,,,,
15.36,1818.42,,,,,,
15.38,1829.26,,,,,,
15.4,1880,,,,,,
15.42,1810.9,,,,,,
15.44,1851.66,,,,,,
15.46,1836.6,,,,,,
15.48,1817.06,,,,,,
15.5,1897.1,,,,,,
15.52,1898.18,,,,,,
15.54,1853.48,,,,,,
15.56,1834.1,,,,,,
15.58,1893.24,,,,,,
15.6,1860.14,,,,,,
15.62,1867.62,,,,,,
15.64,1817.94,,,,,,
15.66,1920.08,,,,,,
15.68,1821.28,,,,,,
15.7,1818,,,,,,
15.72,1753.22,,,,,,
15.74,1868.92,,,,,,
15.76,1830.72,,,,,,
15.78,1852.28,,,,,,
15.8,1814.4,,,,,,
15.82,1871.4,,,,,,
15.84,1862.98,,,,,,
15.86,1831.16,,,,,,
15.88,1782.76,,,,,,
15.9,1849.1,,,,,,
15.92,1824.82,,,,,,
15.94,1832.12,,,,,,
15.96,1732.16,,,,,,
15.98,1841.5,,,,,,
16,1808.16,,,,,,
16.02,1838.38,,,,,,
16.04,1975.2,,,,,,
16.06,1884.86,,,,,,
16.08,1839.18,,,,,,
16.1,1798.58,,,,,,
16.12,1826.22,,,,,,
16.14,1961.76,,,,,,
16.16,1888.2,,,,,,
16.18,1822.9,,,,,,
16.2,1736.34,,,,,,
16.22,1839.86,,,,,,
16.24,1820.7,,,,,,
16.26,1770.98,,,,,,
16.28,1816.72,,,,,,
16.3,1894.98,,,,,,
16.32,1862.38,,,,,,
16.34,1882.46,,,,,,
16.36,1788.62,,,,,,
16.38,1781.4,,,,,,
16.4,1865.04,,,,,,
16.42,1840.72,,,,,,
16.44,1756.96,,,,,,
16.46,1833.44,,,,,,
16.48,1822.36,,,,,,
16.5,1889.28,,,,,,
16.52,1809.4,,,,,,
16.54,1841.76,,,,,,
16.56,1835.54,,,,,,
16.58,1866.26,,,,,,
16.6,1825.02,,,,,,
16.62,1893.26,,,,,,
16.64,1887.76,,,,,,
16.66,1862.2,,,,,,
16.68,1829.58,,,,,,
16.7,1888.8,,,,,,
16.72,1887.44,,,,,,
16.74,1832.54,,,,,,
16.76,1829.84,,,,,,
16.78,1918.3,,,,,,
16.8,1880.64,,,,,,
16.82,1933.24,,,,,,
16.84,1874.68,,,,,,
16.86,1992.44,,,,,,
16.88,1822.08,,,,,,
16.9,1823,,,,,,
16.92,1945.88,,,,,,
16.94,1996.08,,,,,,
16.96,1993.32,,,,,,
16.98,2058.28,,,,,,
17,1971.52,,,,,,
17.02,1999.2,,,,,,
17.04,1907.92,,,,,,
17.06,1988.6,,,,,,
17.08,1940,,,,,,
17.1,1950.08,,,,,,
17.12,1863.24,,,,,,
17.14,1863.08,,,,,,
17.16,1861.36,,,,,,
17.18,1993.76,,,,,,
17.2,1798.84,,,,,,
17.22,1903.16,,,,,,
17.24,1850.44,,,,,,
17.26,1927,,,,,,
17.28,1821.6,,,,,,
17.3,1790.6,,,,,,
17.32,1823,,,,,,
17.34,1789.2,,,,,,
17.36,1777.6,,,,,,
17.38,1844.64,,,,,,
17.4,1869.72,,,,,,
17.42,1842.76,,,,,,
17.44,1746.2,,,,,,
17.46,1867.08,,,,,,
17.48,1835.2,,,,,,
17.5,1911.48,,,,,,
17.52,1817.56,,,,,,
17.54,1884.84,,,,,,
17.56,1746.76,,,,,,
17.58,1834.44,,,,,,
17.6,1807.52,,,,,,
17.62,1774.2,,,,,,
17.64,1766.44,,,,,,
17.66,1847.32,,,,,,
17.68,1767.24,,,,,,
17.7,1818.08,,,,,,
17.72,1798.16,,,,,,
17.74,1861,,,,,,
17.76,1720.12,,,,,,
17.78,1777.4,,,,,,
17.8,1760.36,,,,,,
17.82,1861.04,,,,,,
17.84,1746.4,,,,,,
17.86,1703.8,,,,,,
17.88,1768.68,,,,,,
17.9,1803.92,,,,,,
17.92,1682.6,,,,,,
17.94,1723.12,,,,,,
17.96,1717.04,,,,,,
17.98,1626.88,,,,,,
18,1661.84,,,,,,
18.02,1594.36,,,,,,
18.04,1612.8,,,,,,
18.06,1708.36,,,,,,
18.08,1706.12,,,,,,
18.1,1714.6,,,,,,
18.12,1794,,,,,,
18.14,1725.68,,,,,,
18.16,1732.84,,,,,,
18.18,1735.68,,,,,,
18.2,1728.64,,,,,,
18.22,1655.6,,,,,,
18.24,1721.08,,,,,,
18.26,1807.2,,,,,,
18.28,1604,,,,,,
18.3,1702.76,,,,,,
18.32,1762.88,,,,,,
18.34,1682.96,,,,,,
18.36,1748.64,,,,,,
18.38,1802.48,,,,,,
18.4,1735.16,,,,,,
18.42,1655.08,,,,,,
18.44,1744.72,,,,,,
18.46,1801.84,,,,,,
18.48,1804.56,,,,,,
18.5,1752.8,,,,,,
18.52,1829.56,,,,,,
18.54,1824.68,,,,,,
18.56,1828.44,,,,,,
18.58,1860.28,,,,,,
18.6,1722.4,,,,,,
18.62,1867.28,,,,,,
18.64,1780.08,,,,,,
18.66,1799.88,,,,,,
18.68,1833.32,,,,,,
18.7,1835.16,,,,,,
18.72,1736.72,,,,,,
18.74,1717.68,,,,,,
18.76,1789.16,,,,,,
18.78,1914.88,,,,,,
18.8,1716.28,,,,,,
18.82,1760.44,,,,,,
18.84,1688.2,,,,,,
18.86,1800.16,,,,,,
18.88,1746.32,,,,,,
18.9,1697.28,,,,,,
18.92,1795.76,,,,,,
18.94,1828.8,,,,,,
18.96,1807.56,,,,,,
18.98,1845.68,,,,,,
19,1768.72,,,,,,
19.02,1892.32,,,,,,
19.04,1783.36,,,,,,
19.06,1731.4,,,,,,
19.08,1776.52,,,,,,
19.1,1850.96,,,,,,
19.12,1728.52,,,,,,
19.14,1833.32,,,,,,
19.16,1762.96,,,,,,
19.18,1781.44,,,,,,
19.2,1740.96,,,,,,
19.22,1744.84,,,,,,
19.24,1755.36,,,,,,
19.26,1816.44,,,,,,
19.28,1791.16,,,,,,
19.3,1840.88,,,,,,
19.32,1844.04,,,,,,
19.34,1724.6,,,,,,
19.36,1796.52,,,,,,
19.38,1823.76,,,,,,
19.4,1789.44,,,,,,
19.42,1965.68,,,,,,
19.44,1832.76,,,,,,
19.46,1856.92,,,,,,
19.48,1835.92,,,,,,
19.5,1859.8,,,,,,
19.52,1815.6,,,,,,
19.54,1795.32,,,,,,
19.56,1911.8,,,,,,
19.58,1967.4,,,,,,
19.6,1832.2,,,,,,
19.62,1946.72,,,,,,
19.64,1947.72,,,,,,
19.66,1814,,,,,,
19.68,1862.52,,,,,,
19.7,1810.12,,,,,,
19.72,1830.72,,,,,,
19.74,1934.88,,,,,,
19.76,1840.2,,,,,,
19.78,1776.96,,,,,,
19.8,1882.24,,,,,,
19.82,1824.52,,,,,,
19.84,1769.8,,,,,,
19.86,1817.96,,,,,,
19.88,1773.44,,,,,,
19.9,1838.6,,,,,,
19.92,1810.64,,,,,,
19.94,1751.64,,,,,,
19.96,1772.68,,,,,,
19.98,1884.44,,,,,,
20,1816.88,,,,,,
20.02,1781.48,,,,,,
20.04,1844.68,,,,,,
20.06,1770.8,,,,,,
20.08,1817.68,,,,,,
20.1,1719.56,,,,,,
20.12,1799.96,,,,,,
20.14,1808.48,,,,,,
20.16,1746.16,,,,,,
20.18,1822.56,,,,,,
20.2,1886.6,,,,,,
20.22,1825.68,,,,,,
20.24,1763.48,,,,,,
20.26,1800.24,,,,,,
20.28,1722.2,,,,,,
20.3,1827.24,,,,,,
20.32,1775.4,,,,,,
20.34,1725.36,,,,,,
20.36,1801.68,,,,,,
20.38,1876.28,,,,,,
20.4,1824.24,,,,,,
20.42,1797.4,,,,,,
20.44,1709.8,,,,,,
20.46,1816.08,,,,,,
20.48,1778.08,,,,,,
20.5,1730.2,,,,,,
20.52,1833.56,,,,,,
20.54,1831.4,,,,,,
20.56,1818.76,,,,,,
20.58,1770.48,,,,,,
20.6,1883.92,,,,,,
20.62,1853.28,,,,,,
20.64,1902.04,,,,,,
20.66,1836.92,,,,,,
20.68,1717.92,,,,,,
20.7,1888.48,,,,,,
20.72,1819.8,,,,,,
20.74,1817.96,,,,,,
20.76,1857.64,,,,,,
20.78,1915.92,,,,,,
20.8,1888.52,,,,,,
20.82,1768.16,,,,,,
20.84,1946.44,,,,,,
20.86,1835.12,,,,,,
20.88,1918.24,,,,,,
20.9,1762.56,,,,,,
20.92,1790.08,,,,,,
20.94,1842.28,,,,,,
20.96,1807.52,,,,,,
20.98,1831.84,,,,,,
21,1965.8,,,,,,
21.02,1947.36,,,,,,
21.04,1901.4,,,,,,
21.06,1966.04,,,,,,
21.08,1917.92,,,,,,
21.1,1920.44,,,,,,
21.12,1842.76,,,,,,
21.14,1825.68,,,,,,
21.16,1842.36,,,,,,
21.18,1792.96,,,,,,
21.2,1828.72,,,,,,
21.22,1760.64,,,,,,
21.24,1814.52,,,,,,
21.26,1862.28,,,,,,
21.28,1821.2,,,,,,
21.3,1720,,,,,,
21.32,1735.88,,,,,,
21.34,1803.76,,,,,,
21.36,1813.24,,,,,,
21.38,1727,,,,,,
21.4,1711.32,,,,,,
21.42,1889.88,,,,,,
21.44,1820.04,,,,,,
21.46,1788.68,,,,,,
21.48,1903.2,,,,,,
21.5,1819.68,,,,,,
21.52,1884.08,,,,,,
21.54,1833.28,,,,,,
21.56,1839.76,,,,,,
21.58,1786.72,,,,,,
21.6,1811.24,,,,,,
21.62,1829.16,,,,,,
21.64,1921.68,,,,,,
21.66,1895.44,,,,,,
21.68,1892.4,,,,,,
21.7,1852.24,,,,,,
21.72,1967.88,,,,,,
21.74,1971.84,,,,,,
21.76,1826.72,,,,,,
21.78,1818.88,,,,,,
21.8,1950.12,,,,,,
21.82,1966.04,,,,,,
21.84,2018.64,,,,,,
21.86,1807.04,,,,,,
21.88,1798.4,,,,,,
21.9,1903.44,,,,,,
21.92,1878.04,,,,,,
21.94,1906.8,,,,,,
21.96,1886.48,,,,,,
21.98,1966.84,,,,,,
22,1919.28,,,,,,
22.02,1867,,,,,,
22.04,1926.88,,,,,,
22.06,2025.48,,,,,,
22.08,1930.2,,,,,,
22.1,1894.96,,,,,,
22.12,1988.08,,,,,,
22.14,1950.8,,,,,,
22.16,2017.04,,,,,,
22.18,1906.44,,,,,,
22.2,1885.84,,,,,,
22.22,1993.52,,,,,,
22.24,1853.84,,,,,,
22.26,1942.28,,,,,,
22.28,2010.8,,,,,,
22.3,2005.28,,,,,,
22.32,1874.16,,,,,,
22.34,1910.16,,,,,,
22.36,1916,,,,,,
22.38,1968.88,,,,,,
22.4,1913.36,,,,,,
22.42,1952.36,,,,,,
22.44,1996.92,,,,,,
22.46,1957.44,,,,,,
22.48,1994.4,,,,,,
22.5,1916.08,,,,,,
22.52,1965.96,,,,,,
22.54,1921.84,,,,,,
22.56,1923.36,,,,,,
22.58,1864.28,,,,,,
22.6,1949,,,,,,
22.62,2030.4,,,,,,
22.64,1884.92,,,,,,
22.66,1772.2,,,,,,
22.68,1943.84,,,,,,
22.7,1935.52,,,,,,
22.72,1865.68,,,,,,
22.74,1938.4,,,,,,
22.76,1880.8,,,,,,
22.78,1833.32,,,,,,
22.8,1843.08,,,,,,
22.82,1770.52,,,,,,
22.84,1816.72,,,,,,
22.86,2004.44,,,,,,
22.88,1806.8,,,,,,
22.9,1739.2,,,,,,
22.92,1896.04,,,,,,
22.94,1872.76,,,,,,
22.96,1893.24,,,,,,
22.98,1763.48,,,,,,
23,1907.4,,,,,,
23.02,1823.16,,,,,,
23.04,1867.52,,,,,,
23.06,1867.48,,,,,,
23.08,1956.6,,,,,,
23.1,1997.68,,,,,,
23.12,1910.48,,,,,,
23.14,1799.56,,,,,,
23.16,2004.84,,,,,,
23.18,1956.2,,,,,,
23.2,2020.24,,,,,,
23.22,1950.92,,,,,,
23.24,1933.04,,,,,,
23.26,1883.84,,,,,,
23.28,1954.32,,,,,,
23.3,1817.6,,,,,,
23.32,1914.36,,,,,,
23.34,1959.4,,,,,,
23.36,1898.8,,,,,,
23.38,1772.56,,,,,,
23.4,1913.76,,,,,,
23.42,1869.32,,,,,,
23.44,1873.52,,,,,,
23.46,1832.68,,,,,,
23.48,1891.28,,,,,,
23.5,1887.28,,,,,,
23.52,1870.92,,,,,,
23.54,1952.6,,,,,,
23.56,1864.48,,,,,,
23.58,1932.72,,,,,,
23.6,1921.48,,,,,,
23.62,1908.4,,,,,,